193b8944-f683-4a61-86fa-7f64a7622b27,4810023552,02512d75-a4d7-4b7f-bfb3-53ce9689a7dc,dca0a12a-91ff-4799-9412-86a49099eec5,0000270319,, 19.04.2025,
1c67e21c-9f43-4676-a064-74d1efa420f5,4810023552,02512d75-a4d7-4b7f-bfb3-53ce9689a7dc,dca0a12a-91ff-4799-9412-86a49099eec5,0000270319,, 19.04.2025,
c6d016f2-4ed0-4eaa-9fbe-114fa42be757,4810023552,02512d75-a4d7-4b7f-bfb3-53ce9689a7dc,dca0a12a-91ff-4799-9412-86a49099eec5,0000270319,, 19.04.2025,
a005bf0f-b869-40f5-a06d-9f04148591a9,4810023552,02512d75-a4d7-4b7f-bfb3-53ce9689a7dc,dca0a12a-91ff-4799-9412-86a49099eec5,0000270319,, 19.04.2025,
452a24f6-aa18-4d8f-b719-e313032b6c8d,4810023552,02512d75-a4d7-4b7f-bfb3-53ce9689a7dc,dca0a12a-91ff-4799-9412-86a49099eec5,0000270319,, 19.04.2025,
94bac7dd-ab69-47f5-a4fa-2067caa57067,4810023552,02512d75-a4d7-4b7f-bfb3-53ce9689a7dc,dca0a12a-91ff-4799-9412-86a49099eec5,0000270319,, 19.04.2025,
6210b879-f13f-4fc9-81f4-406ee57b1294,4810023552,02512d75-a4d7-4b7f-bfb3-53ce9689a7dc,dca0a12a-91ff-4799-9412-86a49099eec5,0000270319,, 19.04.2025,
92b8ede9-9a68-4df8-9ff1-60562227eecb,4810023552,02512d75-a4d7-4b7f-bfb3-53ce9689a7dc,dca0a12a-91ff-4799-9412-86a49099eec5,0000270319,, 19.04.2025,
ea019c06-ea7e-4849-a104-aee6bcac27aa,4810023552,02512d75-a4d7-4b7f-bfb3-53ce9689a7dc,dca0a12a-91ff-4799-9412-86a49099eec5,0000270319,, 19.04.2025,
fbaec659-4213-4fdd-b9ba-ef3a4ff71dd7,4810023552,02512d75-a4d7-4b7f-bfb3-53ce9689a7dc,dca0a12a-91ff-4799-9412-86a49099eec5,0000270319,, 19.04.2025,
48674958-eaa7-4698-b3e0-66c693698586,4810023552,02512d75-a4d7-4b7f-bfb3-53ce9689a7dc,dca0a12a-91ff-4799-9412-86a49099eec5,0000270319,, 19.04.2025,
e694d96b-b6ed-4195-81ed-cf938a002a3b,4810023552,02512d75-a4d7-4b7f-bfb3-53ce9689a7dc,dca0a12a-91ff-4799-9412-86a49099eec5,0000270319,, 19.04.2025,
56972d9a-a73a-4702-b10a-27a3c5809763,4810023552,02512d75-a4d7-4b7f-bfb3-53ce9689a7dc,dca0a12a-91ff-4799-9412-86a49099eec5,0000270319,, 19.04.2025,
0787c6d7-282a-4814-bb4e-7d837b9510e2,4810023552,02512d75-a4d7-4b7f-bfb3-53ce9689a7dc,dca0a12a-91ff-4799-9412-86a49099eec5,0000270319,, 19.04.2025,
4d02f445-2b19-4156-850f-62afdf2bdff1,4810023552,02512d75-a4d7-4b7f-bfb3-53ce9689a7dc,dca0a12a-91ff-4799-9412-86a49099eec5,0000270319,, 19.04.2025,
f8d92648-cf99-46f5-b64f-df39c91e2c66,4810023552,02512d75-a4d7-4b7f-bfb3-53ce9689a7dc,dca0a12a-91ff-4799-9412-86a49099eec5,0000270319,, 19.04.2025,
c968649e-aefa-4a51-9a3f-1cb0b5124c85,4810023552,02512d75-a4d7-4b7f-bfb3-53ce9689a7dc,dca0a12a-91ff-4799-9412-86a49099eec5,0000270319,, 19.04.2025,
eae6c0ae-2b49-4fc0-8b89-7a984a0f999f,4810023552,02512d75-a4d7-4b7f-bfb3-53ce9689a7dc,dca0a12a-91ff-4799-9412-86a49099eec5,0000270319,, 19.04.2025,
99540754-4e97-4fd8-b5e6-c53835d7d0e1,4810023552,02512d75-a4d7-4b7f-bfb3-53ce9689a7dc,dca0a12a-91ff-4799-9412-86a49099eec5,0000270319,, 19.04.2025,
29b89c27-21de-4b11-81f8-7e6e7caf4762,4810023552,02512d75-a4d7-4b7f-bfb3-53ce9689a7dc,dca0a12a-91ff-4799-9412-86a49099eec5,0000270319,, 19.04.2025,
dc84310d-4333-4737-8cdd-1a9d41fa44c1,4810023552,02512d75-a4d7-4b7f-bfb3-53ce9689a7dc,dca0a12a-91ff-4799-9412-86a49099eec5,0000270319,, 19.04.2025,
4860756f-37c0-4abf-9963-e206738a55fe,4810023552,02512d75-a4d7-4b7f-bfb3-53ce9689a7dc,dca0a12a-91ff-4799-9412-86a49099eec5,0000270319,, 19.04.2025,
1f396546-aa0b-4960-b050-37105b922c1b,4810023552,02512d75-a4d7-4b7f-bfb3-53ce9689a7dc,dca0a12a-91ff-4799-9412-86a49099eec5,0000270319,, 19.04.2025,
e06856cc-a57f-4fa7-9daf-f3f684500528,4810023552,02512d75-a4d7-4b7f-bfb3-53ce9689a7dc,dca0a12a-91ff-4799-9412-86a49099eec5,0000270319,, 19.04.2025,
e26516e2-27e2-41a5-9dd6-0aa70d9039ec,4810023552,02512d75-a4d7-4b7f-bfb3-53ce9689a7dc,dca0a12a-91ff-4799-9412-86a49099eec5,0000270319,, 19.04.2025,
51455d2a-b56a-4c3b-bfab-4dac09cf44cd,4810023552,02512d75-a4d7-4b7f-bfb3-53ce9689a7dc,dca0a12a-91ff-4799-9412-86a49099eec5,0000270319,, 19.04.2025,
bd1aa1fe-19b8-4f18-8a16-86c66b867048,4810023552,02512d75-a4d7-4b7f-bfb3-53ce9689a7dc,dca0a12a-91ff-4799-9412-86a49099eec5,0000270319,, 19.04.2025,
10802fed-9342-4068-8d90-dcf3de27a56c,4810023552,02512d75-a4d7-4b7f-bfb3-53ce9689a7dc,dca0a12a-91ff-4799-9412-86a49099eec5,0000270319,, 19.04.2025,
22b509cd-8d56-4440-9e99-69212118be0d,4810023552,02512d75-a4d7-4b7f-bfb3-53ce9689a7dc,dca0a12a-91ff-4799-9412-86a49099eec5,0000270319,, 19.04.2025,
5aac3e27-f3f4-472a-a24d-6db494065519,4810023552,02512d75-a4d7-4b7f-bfb3-53ce9689a7dc,dca0a12a-91ff-4799-9412-86a49099eec5,0000270319,, 19.04.2025,
b068b17e-224f-43ab-8a5e-b56f049440fc,4810023552,02512d75-a4d7-4b7f-bfb3-53ce9689a7dc,dca0a12a-91ff-4799-9412-86a49099eec5,0000270319,, 19.04.2025,
4f38e7cb-e13e-4d01-ab34-fab2e6aea9f7,4810023552,02512d75-a4d7-4b7f-bfb3-53ce9689a7dc,dca0a12a-91ff-4799-9412-86a49099eec5,0000270319,, 19.04.2025,
b5e14077-7f7c-4601-a97e-a2135c475638,4810023552,02512d75-a4d7-4b7f-bfb3-53ce9689a7dc,dca0a12a-91ff-4799-9412-86a49099eec5,0000270319,, 19.04.2025,
a6e2f680-356b-47e0-ab51-7fbe1bfa0cfa,4810023552,02512d75-a4d7-4b7f-bfb3-53ce9689a7dc,dca0a12a-91ff-4799-9412-86a49099eec5,0000270319,, 19.04.2025,
b0a09bb6-8c12-4e08-94f0-3c8f110f464d,4810023552,02512d75-a4d7-4b7f-bfb3-53ce9689a7dc,dca0a12a-91ff-4799-9412-86a49099eec5,0000270319,, 19.04.2025,
5834c011-bcda-41dc-87cc-abe733b38ae3,4810023552,02512d75-a4d7-4b7f-bfb3-53ce9689a7dc,dca0a12a-91ff-4799-9412-86a49099eec5,0000270319,, 19.04.2025,
599ab147-cc1a-4dbb-8c16-e730cdea4c3a,4810023552,02512d75-a4d7-4b7f-bfb3-53ce9689a7dc,dca0a12a-91ff-4799-9412-86a49099eec5,0000270319,, 19.04.2025,
4bffc0f6-ce6e-4972-b96b-a5d07f8c72c9,4810023552,02512d75-a4d7-4b7f-bfb3-53ce9689a7dc,dca0a12a-91ff-4799-9412-86a49099eec5,0000270319,, 19.04.2025,
e2351e9d-e842-488f-835d-57ae417a1ef3,4810023552,02512d75-a4d7-4b7f-bfb3-53ce9689a7dc,dca0a12a-91ff-4799-9412-86a49099eec5,0000270319,, 19.04.2025,
7a0b2a3e-4def-4103-a04b-cb6238d26cc4,4810023552,02512d75-a4d7-4b7f-bfb3-53ce9689a7dc,dca0a12a-91ff-4799-9412-86a49099eec5,0000270319,, 19.04.2025,
af066403-ea33-4395-9249-fb0f4b595e52,4810023552,02512d75-a4d7-4b7f-bfb3-53ce9689a7dc,dca0a12a-91ff-4799-9412-86a49099eec5,0000270319,, 19.04.2025,
88e432a9-5bd4-4c0c-bfeb-6c3d695bd096,4810023552,02512d75-a4d7-4b7f-bfb3-53ce9689a7dc,dca0a12a-91ff-4799-9412-86a49099eec5,0000270319,, 19.04.2025,
5e5c1695-80c2-425c-bdb8-e67c350fd00d,4810023552,02512d75-a4d7-4b7f-bfb3-53ce9689a7dc,dca0a12a-91ff-4799-9412-86a49099eec5,0000270319,, 19.04.2025,
7585e9aa-9ebd-4bc4-b8c7-518b9d8756ae,4810023552,02512d75-a4d7-4b7f-bfb3-53ce9689a7dc,dca0a12a-91ff-4799-9412-86a49099eec5,0000270319,, 19.04.2025,
f5ca788d-83b3-41a3-9c81-507aeb396980,4810023552,02512d75-a4d7-4b7f-bfb3-53ce9689a7dc,dca0a12a-91ff-4799-9412-86a49099eec5,0000270319,, 19.04.2025,
0c880f29-d5c5-48cc-939b-73e858fac939,4810023552,02512d75-a4d7-4b7f-bfb3-53ce9689a7dc,dca0a12a-91ff-4799-9412-86a49099eec5,0000270319,, 19.04.2025,
408d172b-5ee8-468f-9c1e-068c7cf3ed37,4810023552,02512d75-a4d7-4b7f-bfb3-53ce9689a7dc,dca0a12a-91ff-4799-9412-86a49099eec5,0000270319,, 19.04.2025,
4c108ec5-84e4-4b62-9ea2-72330405f836,4810023552,02512d75-a4d7-4b7f-bfb3-53ce9689a7dc,dca0a12a-91ff-4799-9412-86a49099eec5,0000270319,, 19.04.2025,
058ae2be-1196-48d6-a4cf-fde9da87e2c6,4810023552,02512d75-a4d7-4b7f-bfb3-53ce9689a7dc,dca0a12a-91ff-4799-9412-86a49099eec5,0000270319,, 19.04.2025,
4aefb3d0-802e-4481-a97b-c7e1b3c4ff61,4810023552,02512d75-a4d7-4b7f-bfb3-53ce9689a7dc,dca0a12a-91ff-4799-9412-86a49099eec5,0000270319,, 19.04.2025,
37c0598e-32c5-4fb4-8614-9205d69115e9,4810023552,02512d75-a4d7-4b7f-bfb3-53ce9689a7dc,dca0a12a-91ff-4799-9412-86a49099eec5,0000270319,, 19.04.2025,
c13a18eb-286c-4a4f-b17e-2bf4b6b0fe07,4810023552,02512d75-a4d7-4b7f-bfb3-53ce9689a7dc,dca0a12a-91ff-4799-9412-86a49099eec5,0000270319,, 19.04.2025,
0d5d878d-665d-4638-b931-fae502374cb4,4810023552,02512d75-a4d7-4b7f-bfb3-53ce9689a7dc,dca0a12a-91ff-4799-9412-86a49099eec5,0000270319,, 19.04.2025,
56b7a2ae-363b-4e1c-89e0-7ca553409596,4810023552,02512d75-a4d7-4b7f-bfb3-53ce9689a7dc,dca0a12a-91ff-4799-9412-86a49099eec5,0000270319,, 19.04.2025,
32493145-0bd3-42f5-8adb-1b6ffae8f532,4810023552,02512d75-a4d7-4b7f-bfb3-53ce9689a7dc,dca0a12a-91ff-4799-9412-86a49099eec5,0000270319,, 19.04.2025,
4ec947a6-d1d1-4225-9ba6-b8553a0598a2,4810023552,02512d75-a4d7-4b7f-bfb3-53ce9689a7dc,dca0a12a-91ff-4799-9412-86a49099eec5,0000270319,, 19.04.2025,
cac96c0c-cf3c-4d62-be3b-e88e3a75d460,4810023552,02512d75-a4d7-4b7f-bfb3-53ce9689a7dc,dca0a12a-91ff-4799-9412-86a49099eec5,0000270319,, 19.04.2025,
f2b15256-4ce8-4ea0-90e5-d053b6cd7808,4810023552,02512d75-a4d7-4b7f-bfb3-53ce9689a7dc,dca0a12a-91ff-4799-9412-86a49099eec5,0000270319,, 19.04.2025,
8297b358-f1db-43f8-952b-882c7b574908,4810023552,02512d75-a4d7-4b7f-bfb3-53ce9689a7dc,dca0a12a-91ff-4799-9412-86a49099eec5,0000270319,, 19.04.2025,
4a7d5c68-c317-4426-a6f6-2ea0902823e6,4810023552,02512d75-a4d7-4b7f-bfb3-53ce9689a7dc,dca0a12a-91ff-4799-9412-86a49099eec5,0000270319,, 19.04.2025,
398d8d38-9fdd-4a83-a97b-63ad3b1bda8c,4810023552,02512d75-a4d7-4b7f-bfb3-53ce9689a7dc,dca0a12a-91ff-4799-9412-86a49099eec5,0000270319,, 19.04.2025,
d02ae828-58b9-4481-99e3-fb29097f0597,4810023552,02512d75-a4d7-4b7f-bfb3-53ce9689a7dc,dca0a12a-91ff-4799-9412-86a49099eec5,0000270319,, 19.04.2025,
a5557603-00fb-43cb-8bf2-6ab0101be76d,4810023552,02512d75-a4d7-4b7f-bfb3-53ce9689a7dc,dca0a12a-91ff-4799-9412-86a49099eec5,0000270319,, 19.04.2025,
4490468c-819b-4f1d-873e-bce6ba3f4b02,4810023552,02512d75-a4d7-4b7f-bfb3-53ce9689a7dc,dca0a12a-91ff-4799-9412-86a49099eec5,0000270319,, 19.04.2025,
381156e6-caed-4aab-807c-ce8e00d5a737,4810023552,02512d75-a4d7-4b7f-bfb3-53ce9689a7dc,dca0a12a-91ff-4799-9412-86a49099eec5,0000270319,, 19.04.2025,
34a2e900-4389-4bda-abe9-49f4c49845ea,4810023552,02512d75-a4d7-4b7f-bfb3-53ce9689a7dc,dca0a12a-91ff-4799-9412-86a49099eec5,0000270319,, 19.04.2025,
d4c9eb6f-898d-4a60-8280-af9ec811fcd7,4810023552,02512d75-a4d7-4b7f-bfb3-53ce9689a7dc,dca0a12a-91ff-4799-9412-86a49099eec5,0000270319,, 19.04.2025,
9b952203-2c94-4b00-beb4-59fbf08d776a,4810023552,02512d75-a4d7-4b7f-bfb3-53ce9689a7dc,dca0a12a-91ff-4799-9412-86a49099eec5,0000270319,, 19.04.2025,
3381c705-cf4f-4ddd-8173-c30b2e61addf,4810023552,02512d75-a4d7-4b7f-bfb3-53ce9689a7dc,dca0a12a-91ff-4799-9412-86a49099eec5,0000270319,, 19.04.2025,
8da92dd3-28cd-4dc9-9825-52e7523f2fe7,4810023552,02512d75-a4d7-4b7f-bfb3-53ce9689a7dc,dca0a12a-91ff-4799-9412-86a49099eec5,0000270319,, 19.04.2025,
c1d81858-b641-4818-98ea-22f0680d7ebc,4810023552,02512d75-a4d7-4b7f-bfb3-53ce9689a7dc,dca0a12a-91ff-4799-9412-86a49099eec5,0000270319,, 19.04.2025,
02fb00d7-1834-493f-9b4a-2fe88b697d1d,4810023552,02512d75-a4d7-4b7f-bfb3-53ce9689a7dc,dca0a12a-91ff-4799-9412-86a49099eec5,0000270319,, 19.04.2025,
27db05e2-2d1f-4aac-92fb-4f34047e8403,4810023552,02512d75-a4d7-4b7f-bfb3-53ce9689a7dc,dca0a12a-91ff-4799-9412-86a49099eec5,0000270319,, 19.04.2025,
0961bdec-d0e8-42c5-8f50-95139f75aa5a,4810023552,02512d75-a4d7-4b7f-bfb3-53ce9689a7dc,dca0a12a-91ff-4799-9412-86a49099eec5,0000270319,, 19.04.2025,
82330c94-1860-4de2-b73f-80b03b08dafb,4810023552,02512d75-a4d7-4b7f-bfb3-53ce9689a7dc,dca0a12a-91ff-4799-9412-86a49099eec5,0000270319,, 19.04.2025,
7c4138cd-4158-4478-bf3b-5e2323c0d82c,4810023552,02512d75-a4d7-4b7f-bfb3-53ce9689a7dc,dca0a12a-91ff-4799-9412-86a49099eec5,0000270319,, 19.04.2025,
8f4ba179-2853-4dff-bb5c-e5bdd88feeba,4810023552,02512d75-a4d7-4b7f-bfb3-53ce9689a7dc,dca0a12a-91ff-4799-9412-86a49099eec5,0000270319,, 19.04.2025,
a64579f8-0153-49cc-939e-b9d05439377e,4810023552,02512d75-a4d7-4b7f-bfb3-53ce9689a7dc,dca0a12a-91ff-4799-9412-86a49099eec5,0000270319,, 19.04.2025,
461ee234-6258-4b36-9021-30ad50f62959,4810023552,02512d75-a4d7-4b7f-bfb3-53ce9689a7dc,dca0a12a-91ff-4799-9412-86a49099eec5,0000270319,, 19.04.2025,
f223f443-d19b-47ec-b21b-ad402ea7bd4a,4810023552,02512d75-a4d7-4b7f-bfb3-53ce9689a7dc,dca0a12a-91ff-4799-9412-86a49099eec5,0000270319,, 19.04.2025,
87230bda-f073-4dc2-bad0-a917b737e515,4810023552,02512d75-a4d7-4b7f-bfb3-53ce9689a7dc,dca0a12a-91ff-4799-9412-86a49099eec5,0000270319,, 19.04.2025,
f9b0f534-7b74-48f9-83b7-62bc8505cbc7,4810023552,02512d75-a4d7-4b7f-bfb3-53ce9689a7dc,dca0a12a-91ff-4799-9412-86a49099eec5,0000270319,, 19.04.2025,
d4c71261-f817-43c7-bf40-f916d80049d5,4810023552,02512d75-a4d7-4b7f-bfb3-53ce9689a7dc,dca0a12a-91ff-4799-9412-86a49099eec5,0000270319,, 19.04.2025,
fa7defc6-8be0-42fd-8f39-b0e00f442840,4810023552,02512d75-a4d7-4b7f-bfb3-53ce9689a7dc,dca0a12a-91ff-4799-9412-86a49099eec5,0000270319,, 19.04.2025,
0e87867b-30ef-4caa-b601-ef7930e85646,4810023552,02512d75-a4d7-4b7f-bfb3-53ce9689a7dc,dca0a12a-91ff-4799-9412-86a49099eec5,0000270319,, 19.04.2025,
c27ac41f-99f5-4bdb-8806-9df52235e4fa,4810023552,02512d75-a4d7-4b7f-bfb3-53ce9689a7dc,dca0a12a-91ff-4799-9412-86a49099eec5,0000270319,, 19.04.2025,
7e8918c2-1122-4087-8db4-78ebd40a56c1,4810023552,02512d75-a4d7-4b7f-bfb3-53ce9689a7dc,dca0a12a-91ff-4799-9412-86a49099eec5,0000270319,, 19.04.2025,
0fbc42e7-fabf-4ea1-815f-e372c5bdf0f8,4810023552,02512d75-a4d7-4b7f-bfb3-53ce9689a7dc,dca0a12a-91ff-4799-9412-86a49099eec5,0000270319,, 19.04.2025,
088a7fbd-003c-4b5f-b90a-30be110bdf2e,4810023552,02512d75-a4d7-4b7f-bfb3-53ce9689a7dc,dca0a12a-91ff-4799-9412-86a49099eec5,0000270319,, 19.04.2025,
b01d51ed-0d4b-4232-9bf0-19268748a5e4,4810023552,02512d75-a4d7-4b7f-bfb3-53ce9689a7dc,dca0a12a-91ff-4799-9412-86a49099eec5,0000270319,, 19.04.2025,
a94484fa-9a8f-4d4d-af43-84cf0ef04171,4810023552,02512d75-a4d7-4b7f-bfb3-53ce9689a7dc,dca0a12a-91ff-4799-9412-86a49099eec5,0000270319,, 19.04.2025,
da181aeb-bf77-4fe0-8dca-0723b0e9da4f,4810023552,02512d75-a4d7-4b7f-bfb3-53ce9689a7dc,dca0a12a-91ff-4799-9412-86a49099eec5,0000270319,, 19.04.2025,
3abf10b7-03ec-4de4-93f9-a9000b88fe3f,4810023552,02512d75-a4d7-4b7f-bfb3-53ce9689a7dc,dca0a12a-91ff-4799-9412-86a49099eec5,0000270319,, 19.04.2025,
7bd2deca-c9e1-4267-baa2-9f2dd7718d70,4810023552,02512d75-a4d7-4b7f-bfb3-53ce9689a7dc,dca0a12a-91ff-4799-9412-86a49099eec5,0000270319,, 19.04.2025,
d53274d7-93f1-4a68-91ca-7d60d3dd3c95,4810023552,02512d75-a4d7-4b7f-bfb3-53ce9689a7dc,dca0a12a-91ff-4799-9412-86a49099eec5,0000270319,, 19.04.2025,
c3220dee-293f-40aa-848c-a7ff5c19e91c,4810023552,02512d75-a4d7-4b7f-bfb3-53ce9689a7dc,dca0a12a-91ff-4799-9412-86a49099eec5,0000270319,, 19.04.2025,
f8f2d050-43cd-4bbf-9e48-ec88de91398e,4810023552,02512d75-a4d7-4b7f-bfb3-53ce9689a7dc,dca0a12a-91ff-4799-9412-86a49099eec5,0000270319,, 19.04.2025,
9cb05b66-6b9b-4c45-98ea-ab1ef2fdfe07,4810023552,02512d75-a4d7-4b7f-bfb3-53ce9689a7dc,dca0a12a-91ff-4799-9412-86a49099eec5,0000270319,, 19.04.2025,
49b1f116-efa5-432c-9572-e1f920a1744b,4810023552,02512d75-a4d7-4b7f-bfb3-53ce9689a7dc,dca0a12a-91ff-4799-9412-86a49099eec5,0000270319,, 19.04.2025,
c35b64ea-ad0d-4996-9a89-bf09b617ce3c,4810023552,02512d75-a4d7-4b7f-bfb3-53ce9689a7dc,dca0a12a-91ff-4799-9412-86a49099eec5,0000270319,, 19.04.2025,
6d9b99fb-9507-463f-98c1-0b9853813c59,4810023552,02512d75-a4d7-4b7f-bfb3-53ce9689a7dc,dca0a12a-91ff-4799-9412-86a49099eec5,0000270319,, 19.04.2025,
327afe79-f2b0-4195-b2b6-4caeb0b13207,4810023552,02512d75-a4d7-4b7f-bfb3-53ce9689a7dc,dca0a12a-91ff-4799-9412-86a49099eec5,0000270319,, 19.04.2025,
febff1cc-8f6b-4495-bd94-12dc7427d444,4810023552,02512d75-a4d7-4b7f-bfb3-53ce9689a7dc,dca0a12a-91ff-4799-9412-86a49099eec5,0000270319,, 19.04.2025,
8c2a5691-6d57-4275-ac73-132db0c8264b,4810023552,02512d75-a4d7-4b7f-bfb3-53ce9689a7dc,dca0a12a-91ff-4799-9412-86a49099eec5,0000270319,, 19.04.2025,
ba05896c-592a-4652-853f-f946019d443b,4810023552,02512d75-a4d7-4b7f-bfb3-53ce9689a7dc,dca0a12a-91ff-4799-9412-86a49099eec5,0000270319,, 19.04.2025,
d11364ce-0331-43d5-9e80-1b705a6801b6,4810023552,02512d75-a4d7-4b7f-bfb3-53ce9689a7dc,dca0a12a-91ff-4799-9412-86a49099eec5,0000270319,, 19.04.2025,
7a318193-9eb8-4e89-851d-b082a5790591,4810023552,02512d75-a4d7-4b7f-bfb3-53ce9689a7dc,dca0a12a-91ff-4799-9412-86a49099eec5,0000270319,, 19.04.2025,
dbb4cd00-0549-4412-a690-0433d9e8b495,4810023552,02512d75-a4d7-4b7f-bfb3-53ce9689a7dc,dca0a12a-91ff-4799-9412-86a49099eec5,0000270319,, 19.04.2025,
14c290f3-cc1e-42f8-8bb6-2099357a61a2,4810023552,02512d75-a4d7-4b7f-bfb3-53ce9689a7dc,dca0a12a-91ff-4799-9412-86a49099eec5,0000270319,, 19.04.2025,
2663b244-9d69-4012-b6e2-b2104ddee00d,4810023552,02512d75-a4d7-4b7f-bfb3-53ce9689a7dc,dca0a12a-91ff-4799-9412-86a49099eec5,0000270319,, 19.04.2025,
81ba3600-675a-4c58-8eac-68c715bc69d5,4810023552,02512d75-a4d7-4b7f-bfb3-53ce9689a7dc,dca0a12a-91ff-4799-9412-86a49099eec5,0000270319,, 19.04.2025,
4868f632-42ee-4556-a849-2e511518f07b,4810023552,02512d75-a4d7-4b7f-bfb3-53ce9689a7dc,dca0a12a-91ff-4799-9412-86a49099eec5,0000270319,, 19.04.2025,
0d0f3732-bee0-4de8-b757-550d6c4505a3,4810023552,02512d75-a4d7-4b7f-bfb3-53ce9689a7dc,dca0a12a-91ff-4799-9412-86a49099eec5,0000270319,, 19.04.2025,
fee8b8da-1018-4d9d-ace0-33318de43d23,4810023552,02512d75-a4d7-4b7f-bfb3-53ce9689a7dc,dca0a12a-91ff-4799-9412-86a49099eec5,0000270319,, 19.04.2025,
99272167-63c6-44bb-ba39-98c920274bb3,4810023552,02512d75-a4d7-4b7f-bfb3-53ce9689a7dc,dca0a12a-91ff-4799-9412-86a49099eec5,0000270319,, 19.04.2025,
b03815fe-5a31-45ed-b8b1-9103ea23a451,4810023552,02512d75-a4d7-4b7f-bfb3-53ce9689a7dc,dca0a12a-91ff-4799-9412-86a49099eec5,0000270319,, 19.04.2025,
357c4e31-93c0-4f3a-9cf2-c6139d28d39e,4810023552,02512d75-a4d7-4b7f-bfb3-53ce9689a7dc,dca0a12a-91ff-4799-9412-86a49099eec5,0000270319,, 19.04.2025,
600c9aaa-5377-42ac-9fb4-6380e277835f,4810023552,02512d75-a4d7-4b7f-bfb3-53ce9689a7dc,dca0a12a-91ff-4799-9412-86a49099eec5,0000270319,, 19.04.2025,
991a7137-587d-4857-b735-bd07fb5257cc,4810023552,02512d75-a4d7-4b7f-bfb3-53ce9689a7dc,dca0a12a-91ff-4799-9412-86a49099eec5,0000270319,, 19.04.2025,
22760d5d-933b-4a6e-90ef-3863e5007b0f,4810023552,02512d75-a4d7-4b7f-bfb3-53ce9689a7dc,dca0a12a-91ff-4799-9412-86a49099eec5,0000270319,, 19.04.2025,
c92dbfea-b76a-4243-8fd8-bdf53e8d87df,4810023552,02512d75-a4d7-4b7f-bfb3-53ce9689a7dc,dca0a12a-91ff-4799-9412-86a49099eec5,0000270319,, 19.04.2025,
21e0adc0-da38-46d7-b82c-f3c003ad9cba,4810023552,02512d75-a4d7-4b7f-bfb3-53ce9689a7dc,dca0a12a-91ff-4799-9412-86a49099eec5,0000270319,, 19.04.2025,
3d171d41-346d-49a4-bafb-2aba84b3c38e,4810023552,02512d75-a4d7-4b7f-bfb3-53ce9689a7dc,dca0a12a-91ff-4799-9412-86a49099eec5,0000270319,, 19.04.2025,
727791e8-3923-4522-904c-2422630d12c0,4810023552,02512d75-a4d7-4b7f-bfb3-53ce9689a7dc,dca0a12a-91ff-4799-9412-86a49099eec5,0000270319,, 19.04.2025,
f2383bec-98b4-42d2-9f1d-b8b651ec6eab,4810023552,02512d75-a4d7-4b7f-bfb3-53ce9689a7dc,dca0a12a-91ff-4799-9412-86a49099eec5,0000270319,, 19.04.2025,
73297aff-707b-48aa-ae1b-3778e1fd9fcc,4810023552,02512d75-a4d7-4b7f-bfb3-53ce9689a7dc,dca0a12a-91ff-4799-9412-86a49099eec5,0000270319,, 19.04.2025,
d08cca67-1e36-4a15-b109-da74522d0f84,4810023552,02512d75-a4d7-4b7f-bfb3-53ce9689a7dc,dca0a12a-91ff-4799-9412-86a49099eec5,0000270319,, 19.04.2025,
69afe9d2-940c-4e3b-84aa-d938c2ff8886,4810023552,02512d75-a4d7-4b7f-bfb3-53ce9689a7dc,dca0a12a-91ff-4799-9412-86a49099eec5,0000270319,, 19.04.2025,
3c386691-dc19-48b1-b756-885476a7a9fa,4810023552,02512d75-a4d7-4b7f-bfb3-53ce9689a7dc,dca0a12a-91ff-4799-9412-86a49099eec5,0000270319,, 19.04.2025,
3759f98f-ce2e-4b0b-9a42-2cc6f395cb58,4810023552,02512d75-a4d7-4b7f-bfb3-53ce9689a7dc,dca0a12a-91ff-4799-9412-86a49099eec5,0000270319,, 19.04.2025,
033ff995-4715-4811-b512-9fa2bc17ccc7,4810023552,02512d75-a4d7-4b7f-bfb3-53ce9689a7dc,dca0a12a-91ff-4799-9412-86a49099eec5,0000270319,, 19.04.2025,
b56462c6-de38-4fe6-be8d-f60911015b47,4810023552,02512d75-a4d7-4b7f-bfb3-53ce9689a7dc,dca0a12a-91ff-4799-9412-86a49099eec5,0000270319,, 19.04.2025,
32c54e7e-6827-4c06-8c4b-27ecad72cf1f,4810023552,02512d75-a4d7-4b7f-bfb3-53ce9689a7dc,dca0a12a-91ff-4799-9412-86a49099eec5,0000270319,, 19.04.2025,
77e39cf2-c00f-49b2-bbdc-19042b35c846,4810023552,02512d75-a4d7-4b7f-bfb3-53ce9689a7dc,dca0a12a-91ff-4799-9412-86a49099eec5,0000270319,, 19.04.2025,
443a4642-804d-400a-9a63-71363d48e1fb,4810023552,02512d75-a4d7-4b7f-bfb3-53ce9689a7dc,dca0a12a-91ff-4799-9412-86a49099eec5,0000270319,, 19.04.2025,
db4d03d8-ca0d-47cd-b545-90a9713bdffd,4810023552,02512d75-a4d7-4b7f-bfb3-53ce9689a7dc,dca0a12a-91ff-4799-9412-86a49099eec5,0000270319,, 19.04.2025,
5b52194b-df4a-43a5-892c-c02c0ed55002,4810023552,02512d75-a4d7-4b7f-bfb3-53ce9689a7dc,dca0a12a-91ff-4799-9412-86a49099eec5,0000270319,, 19.04.2025,
e3a9e7b4-9b95-40cb-aa4c-f287c5c38a2c,4810023552,02512d75-a4d7-4b7f-bfb3-53ce9689a7dc,dca0a12a-91ff-4799-9412-86a49099eec5,0000270319,, 19.04.2025,
225ed0b9-f590-4a07-906a-7e72e1a304e2,4810023552,02512d75-a4d7-4b7f-bfb3-53ce9689a7dc,dca0a12a-91ff-4799-9412-86a49099eec5,0000270319,, 19.04.2025,
b4a6e121-dd36-4cf6-90b7-e7d638a1e235,4810023552,02512d75-a4d7-4b7f-bfb3-53ce9689a7dc,dca0a12a-91ff-4799-9412-86a49099eec5,0000270319,, 19.04.2025,
6864e9e9-dbd5-4451-94e9-7697120c12cd,4810023552,02512d75-a4d7-4b7f-bfb3-53ce9689a7dc,dca0a12a-91ff-4799-9412-86a49099eec5,0000270319,, 19.04.2025,
62e2d57b-ebe2-4944-b74c-84a950831080,4810023552,02512d75-a4d7-4b7f-bfb3-53ce9689a7dc,dca0a12a-91ff-4799-9412-86a49099eec5,0000270319,, 19.04.2025,
7202fd36-b671-4832-865f-15a3aae5e8c0,4810023552,02512d75-a4d7-4b7f-bfb3-53ce9689a7dc,dca0a12a-91ff-4799-9412-86a49099eec5,0000270319,, 19.04.2025,
92a22961-62d5-4a00-8073-be8b13aae685,4810023552,02512d75-a4d7-4b7f-bfb3-53ce9689a7dc,dca0a12a-91ff-4799-9412-86a49099eec5,0000270319,, 19.04.2025,
653fccd9-3ced-4f89-84e9-4796e22d08e3,4810023552,02512d75-a4d7-4b7f-bfb3-53ce9689a7dc,dca0a12a-91ff-4799-9412-86a49099eec5,0000270319,, 19.04.2025,
0b320a93-3c93-4ca2-99a5-28910ff4215f,4810023552,02512d75-a4d7-4b7f-bfb3-53ce9689a7dc,dca0a12a-91ff-4799-9412-86a49099eec5,0000270319,, 19.04.2025,
4d55d4f4-cd10-4dca-98f6-ef59a8045428,4810023552,02512d75-a4d7-4b7f-bfb3-53ce9689a7dc,dca0a12a-91ff-4799-9412-86a49099eec5,0000270319,, 19.04.2025,
59001886-353a-4b8b-a4cd-e6ea8f70d213,4810023552,02512d75-a4d7-4b7f-bfb3-53ce9689a7dc,dca0a12a-91ff-4799-9412-86a49099eec5,0000270319,, 19.04.2025,
8d25c29b-de67-4da2-807d-0def9b619e88,4810023552,02512d75-a4d7-4b7f-bfb3-53ce9689a7dc,dca0a12a-91ff-4799-9412-86a49099eec5,0000270319,, 19.04.2025,
0c8bac37-49f3-4de0-92a8-3611a6f98f33,4810023552,02512d75-a4d7-4b7f-bfb3-53ce9689a7dc,dca0a12a-91ff-4799-9412-86a49099eec5,0000270319,, 19.04.2025,
50016879-d195-4c28-ae34-9c5cbd169867,4810023552,02512d75-a4d7-4b7f-bfb3-53ce9689a7dc,dca0a12a-91ff-4799-9412-86a49099eec5,0000270319,, 19.04.2025,
a621e171-a272-4b2a-8152-b72a4ef4cb2a,4810023552,02512d75-a4d7-4b7f-bfb3-53ce9689a7dc,dca0a12a-91ff-4799-9412-86a49099eec5,0000270319,, 19.04.2025,
514f1d89-a6c0-43ec-90f8-59e10ad23b87,4810023552,02512d75-a4d7-4b7f-bfb3-53ce9689a7dc,dca0a12a-91ff-4799-9412-86a49099eec5,0000270319,, 19.04.2025,
433863a1-6503-4ba6-89ae-fcd6a0b170da,4810023552,02512d75-a4d7-4b7f-bfb3-53ce9689a7dc,dca0a12a-91ff-4799-9412-86a49099eec5,0000270319,, 19.04.2025,
0c644078-723c-4e5f-8a27-1b0df65cf8b4,4810023552,02512d75-a4d7-4b7f-bfb3-53ce9689a7dc,dca0a12a-91ff-4799-9412-86a49099eec5,0000270319,, 19.04.2025,
388d96a1-182a-4370-8d5b-7afe7fa3b1df,4810023552,02512d75-a4d7-4b7f-bfb3-53ce9689a7dc,dca0a12a-91ff-4799-9412-86a49099eec5,0000270319,, 19.04.2025,
623c8b3d-62b6-4fb2-b577-8e12a536d12e,4810023552,02512d75-a4d7-4b7f-bfb3-53ce9689a7dc,dca0a12a-91ff-4799-9412-86a49099eec5,0000270319,, 19.04.2025,
9b9b7607-a438-4079-bac1-4daaa14c3853,4810023552,02512d75-a4d7-4b7f-bfb3-53ce9689a7dc,dca0a12a-91ff-4799-9412-86a49099eec5,0000270319,, 19.04.2025,
1008f27a-5363-4fec-8526-b7f687debbc4,4810023552,02512d75-a4d7-4b7f-bfb3-53ce9689a7dc,dca0a12a-91ff-4799-9412-86a49099eec5,0000270319,, 19.04.2025,
4a20a580-4675-43ec-840e-be2bae007ee5,4810023552,02512d75-a4d7-4b7f-bfb3-53ce9689a7dc,dca0a12a-91ff-4799-9412-86a49099eec5,0000270319,, 19.04.2025,
e9102cee-ed54-42df-957d-f933526dfaa0,4810023552,02512d75-a4d7-4b7f-bfb3-53ce9689a7dc,dca0a12a-91ff-4799-9412-86a49099eec5,0000270319,, 19.04.2025,
2f8da120-f41d-4d4d-a002-27ac3d90ca0c,4810023552,02512d75-a4d7-4b7f-bfb3-53ce9689a7dc,dca0a12a-91ff-4799-9412-86a49099eec5,0000270319,, 19.04.2025,
1c856279-24ee-4b59-855c-7c186b910859,4810023552,02512d75-a4d7-4b7f-bfb3-53ce9689a7dc,dca0a12a-91ff-4799-9412-86a49099eec5,0000270319,, 19.04.2025,
4207bffb-ef6a-409a-8ece-53192a4f8a7c,4810023552,02512d75-a4d7-4b7f-bfb3-53ce9689a7dc,dca0a12a-91ff-4799-9412-86a49099eec5,0000270319,, 19.04.2025,
3f06f487-9f06-49b5-b510-a032bcbdee80,4810023552,02512d75-a4d7-4b7f-bfb3-53ce9689a7dc,dca0a12a-91ff-4799-9412-86a49099eec5,0000270319,, 19.04.2025,
64ab0351-711f-4112-a191-52c388d20122,4810023552,02512d75-a4d7-4b7f-bfb3-53ce9689a7dc,dca0a12a-91ff-4799-9412-86a49099eec5,0000270319,, 19.04.2025,
ff12fc23-dc74-4f32-a92c-ffa26f3a4eeb,4810023552,02512d75-a4d7-4b7f-bfb3-53ce9689a7dc,dca0a12a-91ff-4799-9412-86a49099eec5,0000270319,, 19.04.2025,
72f149d1-bf40-4135-8c6b-e2e72a4a892e,4810023552,02512d75-a4d7-4b7f-bfb3-53ce9689a7dc,dca0a12a-91ff-4799-9412-86a49099eec5,0000270319,, 19.04.2025,
c217e185-a422-44a6-b60f-c9d0915a96f1,4810023552,02512d75-a4d7-4b7f-bfb3-53ce9689a7dc,dca0a12a-91ff-4799-9412-86a49099eec5,0000270319,, 19.04.2025,
29e5fe13-bcfc-4f8f-83ab-339f8d4aeb9c,4810023552,02512d75-a4d7-4b7f-bfb3-53ce9689a7dc,dca0a12a-91ff-4799-9412-86a49099eec5,0000270319,, 19.04.2025,
d298328e-41db-4fd7-9e2e-12f8d857bebb,4810023552,02512d75-a4d7-4b7f-bfb3-53ce9689a7dc,dca0a12a-91ff-4799-9412-86a49099eec5,0000270319,, 19.04.2025,
f19560a4-01c0-4d94-8b07-95afaa9d7495,4810023552,02512d75-a4d7-4b7f-bfb3-53ce9689a7dc,dca0a12a-91ff-4799-9412-86a49099eec5,0000270319,, 19.04.2025,
3be9b46d-b0c7-4afe-bdf3-4e5c72f7d9a0,4810023552,02512d75-a4d7-4b7f-bfb3-53ce9689a7dc,dca0a12a-91ff-4799-9412-86a49099eec5,0000270319,, 19.04.2025,
4ecd30e9-d20d-4675-b9ad-9ef39dfcdcde,4810023552,02512d75-a4d7-4b7f-bfb3-53ce9689a7dc,dca0a12a-91ff-4799-9412-86a49099eec5,0000270319,, 19.04.2025,
84c8e07d-7188-42fe-8d8f-ad2158ba6db4,4810023552,02512d75-a4d7-4b7f-bfb3-53ce9689a7dc,dca0a12a-91ff-4799-9412-86a49099eec5,0000270319,, 19.04.2025,
a39b19f1-ea85-490b-9f4f-e23b60f1c523,4810023552,02512d75-a4d7-4b7f-bfb3-53ce9689a7dc,dca0a12a-91ff-4799-9412-86a49099eec5,0000270319,, 19.04.2025,
7343effc-9629-4d9c-a54e-6bdb88813151,4810023552,02512d75-a4d7-4b7f-bfb3-53ce9689a7dc,dca0a12a-91ff-4799-9412-86a49099eec5,0000270319,, 19.04.2025,
7d159a52-d7ce-4963-b66a-8e02b8a7e7b3,4810023552,02512d75-a4d7-4b7f-bfb3-53ce9689a7dc,dca0a12a-91ff-4799-9412-86a49099eec5,0000270319,, 19.04.2025,
66294812-6ad9-4626-a0e3-9cbf68dfff7b,4810023552,02512d75-a4d7-4b7f-bfb3-53ce9689a7dc,dca0a12a-91ff-4799-9412-86a49099eec5,0000270319,, 19.04.2025,
1485d431-fee5-4031-8a8d-3b48e0ba3a6d,4810023552,02512d75-a4d7-4b7f-bfb3-53ce9689a7dc,dca0a12a-91ff-4799-9412-86a49099eec5,0000270319,, 19.04.2025,
45e0e1f5-f6cc-492e-a1a1-55491eec7dbe,4810023552,02512d75-a4d7-4b7f-bfb3-53ce9689a7dc,dca0a12a-91ff-4799-9412-86a49099eec5,0000270319,, 19.04.2025,
04e95b11-a703-499c-9f24-e3ef49cae57c,4810023552,02512d75-a4d7-4b7f-bfb3-53ce9689a7dc,dca0a12a-91ff-4799-9412-86a49099eec5,0000270319,, 19.04.2025,
f8578e97-443b-4028-b593-2cf7073ed20d,4810023552,02512d75-a4d7-4b7f-bfb3-53ce9689a7dc,dca0a12a-91ff-4799-9412-86a49099eec5,0000270319,, 19.04.2025,
bd4d4ce2-294d-47db-a63b-d56ddf55d440,4810023552,02512d75-a4d7-4b7f-bfb3-53ce9689a7dc,dca0a12a-91ff-4799-9412-86a49099eec5,0000270319,, 19.04.2025,
ba545c9e-24ef-4bda-9e51-b4d71de20968,4810023552,02512d75-a4d7-4b7f-bfb3-53ce9689a7dc,dca0a12a-91ff-4799-9412-86a49099eec5,0000270319,, 19.04.2025,
2517d6a2-f565-4c31-91aa-b730a7f9fb22,4810023552,02512d75-a4d7-4b7f-bfb3-53ce9689a7dc,dca0a12a-91ff-4799-9412-86a49099eec5,0000270319,, 19.04.2025,
4de7d9df-c132-4a34-bacd-3a91dd424672,4810023552,02512d75-a4d7-4b7f-bfb3-53ce9689a7dc,dca0a12a-91ff-4799-9412-86a49099eec5,0000270319,, 19.04.2025,
acbcab3d-9b34-4111-9391-fe6aabaa505b,4810023552,02512d75-a4d7-4b7f-bfb3-53ce9689a7dc,dca0a12a-91ff-4799-9412-86a49099eec5,0000270319,, 19.04.2025,
4f4bc15d-236c-410a-a27d-6adb39d63c9d,4810023552,02512d75-a4d7-4b7f-bfb3-53ce9689a7dc,dca0a12a-91ff-4799-9412-86a49099eec5,0000270319,, 19.04.2025,
26ec92f7-33be-4c42-b61b-39ee44089dc7,4810023552,02512d75-a4d7-4b7f-bfb3-53ce9689a7dc,dca0a12a-91ff-4799-9412-86a49099eec5,0000270319,, 19.04.2025,
aabfd7d0-ca33-4132-8eea-6d730c5fdb2e,4810023552,02512d75-a4d7-4b7f-bfb3-53ce9689a7dc,dca0a12a-91ff-4799-9412-86a49099eec5,0000270319,, 19.04.2025,
14247316-d4f0-49a8-bbd3-22af6129cb4a,4810023552,02512d75-a4d7-4b7f-bfb3-53ce9689a7dc,dca0a12a-91ff-4799-9412-86a49099eec5,0000270319,, 19.04.2025,
138369c2-13eb-444a-b23c-3650d63db93d,4810023552,02512d75-a4d7-4b7f-bfb3-53ce9689a7dc,dca0a12a-91ff-4799-9412-86a49099eec5,0000270319,, 19.04.2025,
a136e264-9517-4ab1-96f4-ab6e25239487,4810023552,02512d75-a4d7-4b7f-bfb3-53ce9689a7dc,dca0a12a-91ff-4799-9412-86a49099eec5,0000270319,, 19.04.2025,
62fa0d70-e8e5-4e94-8cac-5a1b7e9a3e30,4810023552,02512d75-a4d7-4b7f-bfb3-53ce9689a7dc,dca0a12a-91ff-4799-9412-86a49099eec5,0000270319,, 19.04.2025,
17ab2e11-a5fb-4b09-b927-02a0249b5b2e,4810023552,02512d75-a4d7-4b7f-bfb3-53ce9689a7dc,dca0a12a-91ff-4799-9412-86a49099eec5,0000270319,, 19.04.2025,
654f95d5-90c7-41fb-84e9-ffcf94ed3483,4810023552,02512d75-a4d7-4b7f-bfb3-53ce9689a7dc,dca0a12a-91ff-4799-9412-86a49099eec5,0000270319,, 19.04.2025,
ec121940-6cec-4a5a-a8ff-03d311bf6a35,4810023552,02512d75-a4d7-4b7f-bfb3-53ce9689a7dc,dca0a12a-91ff-4799-9412-86a49099eec5,0000270319,, 19.04.2025,
b6bf2634-6a9d-4f88-b219-a9b4a9537cd0,4810023552,02512d75-a4d7-4b7f-bfb3-53ce9689a7dc,dca0a12a-91ff-4799-9412-86a49099eec5,0000270319,, 19.04.2025,
a89a031c-112d-467d-bd2b-b3f7a8a620f1,4810023552,02512d75-a4d7-4b7f-bfb3-53ce9689a7dc,dca0a12a-91ff-4799-9412-86a49099eec5,0000270319,, 19.04.2025,
b9af7591-9b85-4941-b542-9adba5274dad,4810023552,02512d75-a4d7-4b7f-bfb3-53ce9689a7dc,dca0a12a-91ff-4799-9412-86a49099eec5,0000270319,, 19.04.2025,
c266bb49-d689-40e9-a523-7c3bd30557cf,4810023552,02512d75-a4d7-4b7f-bfb3-53ce9689a7dc,dca0a12a-91ff-4799-9412-86a49099eec5,0000270319,, 19.04.2025,
0122d611-22a4-4c23-8c3c-26e029965108,4810023552,02512d75-a4d7-4b7f-bfb3-53ce9689a7dc,dca0a12a-91ff-4799-9412-86a49099eec5,0000270319,, 19.04.2025,
2c18be0b-7a44-4dfa-9dcf-91a8c84d9a7d,4810023552,02512d75-a4d7-4b7f-bfb3-53ce9689a7dc,dca0a12a-91ff-4799-9412-86a49099eec5,0000270319,, 19.04.2025,
7ce6107e-53a2-4477-b55f-086551b5d048,4810023552,02512d75-a4d7-4b7f-bfb3-53ce9689a7dc,dca0a12a-91ff-4799-9412-86a49099eec5,0000270319,, 19.04.2025,
7c386e76-458e-40b1-86f2-597fc0417f89,4810023552,02512d75-a4d7-4b7f-bfb3-53ce9689a7dc,dca0a12a-91ff-4799-9412-86a49099eec5,0000270319,, 19.04.2025,
4284dc57-94f8-46da-a345-776953d7df2e,4810023552,02512d75-a4d7-4b7f-bfb3-53ce9689a7dc,dca0a12a-91ff-4799-9412-86a49099eec5,0000270319,, 19.04.2025,
77dccbeb-fc20-4dd5-9a97-9e72272d3527,4810023552,02512d75-a4d7-4b7f-bfb3-53ce9689a7dc,dca0a12a-91ff-4799-9412-86a49099eec5,0000270319,, 19.04.2025,
7bbcabb2-512a-47cb-bf41-6e50612cadfc,4810023552,02512d75-a4d7-4b7f-bfb3-53ce9689a7dc,dca0a12a-91ff-4799-9412-86a49099eec5,0000270319,, 19.04.2025,
5672ffd4-006a-4a82-ae71-db8e9bd65a34,4810023552,02512d75-a4d7-4b7f-bfb3-53ce9689a7dc,dca0a12a-91ff-4799-9412-86a49099eec5,0000270319,, 19.04.2025,
4fcba947-209a-4480-8d30-7f8afeabfa7f,4810023552,02512d75-a4d7-4b7f-bfb3-53ce9689a7dc,dca0a12a-91ff-4799-9412-86a49099eec5,0000270319,, 19.04.2025,
0c84ea0d-fc35-4b0d-a96a-0f3d459c88d8,4810023552,02512d75-a4d7-4b7f-bfb3-53ce9689a7dc,dca0a12a-91ff-4799-9412-86a49099eec5,0000270319,, 19.04.2025,
87123e04-f841-48c9-bfbe-6300ad7b0ea0,4810023552,02512d75-a4d7-4b7f-bfb3-53ce9689a7dc,dca0a12a-91ff-4799-9412-86a49099eec5,0000270319,, 19.04.2025,
66800258-6227-4635-b84b-c9686cf19209,4810023552,02512d75-a4d7-4b7f-bfb3-53ce9689a7dc,dca0a12a-91ff-4799-9412-86a49099eec5,0000270319,, 19.04.2025,
83ae55ff-8003-4ea1-ade2-ec389c5756ee,4810023552,02512d75-a4d7-4b7f-bfb3-53ce9689a7dc,dca0a12a-91ff-4799-9412-86a49099eec5,0000270319,, 19.04.2025,
3c48da89-b512-403f-9cc8-9d5a92a568cd,4810023552,02512d75-a4d7-4b7f-bfb3-53ce9689a7dc,dca0a12a-91ff-4799-9412-86a49099eec5,0000270319,, 19.04.2025,
6d0f8c56-e6b8-4524-9e3c-f26e38f9e1b3,4810023552,02512d75-a4d7-4b7f-bfb3-53ce9689a7dc,dca0a12a-91ff-4799-9412-86a49099eec5,0000270319,, 19.04.2025,
29673513-d742-4d71-bb1c-d882ce373969,4810023552,02512d75-a4d7-4b7f-bfb3-53ce9689a7dc,dca0a12a-91ff-4799-9412-86a49099eec5,0000270319,, 19.04.2025,
2cc30a63-5729-4677-8bd6-c67574e0e7e0,4810023552,02512d75-a4d7-4b7f-bfb3-53ce9689a7dc,dca0a12a-91ff-4799-9412-86a49099eec5,0000270319,, 19.04.2025,
0ee4cd28-bc20-4bd1-8e14-75b4df2b4992,4810023552,02512d75-a4d7-4b7f-bfb3-53ce9689a7dc,dca0a12a-91ff-4799-9412-86a49099eec5,0000270319,, 19.04.2025,
9c5166bd-53b2-49bd-bc89-986a0ae70bd1,4810023552,02512d75-a4d7-4b7f-bfb3-53ce9689a7dc,dca0a12a-91ff-4799-9412-86a49099eec5,0000270319,, 19.04.2025,
f0f66d09-78bf-474d-870c-516cf641c2e3,4810023552,02512d75-a4d7-4b7f-bfb3-53ce9689a7dc,dca0a12a-91ff-4799-9412-86a49099eec5,0000270319,, 19.04.2025,
93cc025b-0f80-4993-b32c-0df0b863c755,4810023552,02512d75-a4d7-4b7f-bfb3-53ce9689a7dc,dca0a12a-91ff-4799-9412-86a49099eec5,0000270319,, 19.04.2025,
137e3cf6-a6ce-410f-9ca5-ae5557d266f0,4810023552,02512d75-a4d7-4b7f-bfb3-53ce9689a7dc,dca0a12a-91ff-4799-9412-86a49099eec5,0000270319,, 19.04.2025,
b6bd6abb-7916-441f-952b-314b7c90b53d,4810023552,02512d75-a4d7-4b7f-bfb3-53ce9689a7dc,dca0a12a-91ff-4799-9412-86a49099eec5,0000270319,, 19.04.2025,
669c296c-b18e-4719-9602-702d5dfe9483,4810023552,02512d75-a4d7-4b7f-bfb3-53ce9689a7dc,dca0a12a-91ff-4799-9412-86a49099eec5,0000270319,, 19.04.2025,
95a3c8af-2461-468c-9b78-60797d780fc6,4810023552,02512d75-a4d7-4b7f-bfb3-53ce9689a7dc,dca0a12a-91ff-4799-9412-86a49099eec5,0000270319,, 19.04.2025,
a848b7f6-88fa-426a-b2b1-1c25ad9bd807,4810023552,02512d75-a4d7-4b7f-bfb3-53ce9689a7dc,dca0a12a-91ff-4799-9412-86a49099eec5,0000270319,, 19.04.2025,
fa9b0828-5d20-436a-92a6-d8c88f760d5c,4810023552,02512d75-a4d7-4b7f-bfb3-53ce9689a7dc,dca0a12a-91ff-4799-9412-86a49099eec5,0000270319,, 19.04.2025,
6469390b-3c49-416b-84c8-c0e9ba56fb46,4810023552,02512d75-a4d7-4b7f-bfb3-53ce9689a7dc,dca0a12a-91ff-4799-9412-86a49099eec5,0000270319,, 19.04.2025,
d1a26f30-3e08-4ea2-b749-1ce83da96c3e,4810023552,02512d75-a4d7-4b7f-bfb3-53ce9689a7dc,dca0a12a-91ff-4799-9412-86a49099eec5,0000270319,, 19.04.2025,
30b94a91-1bed-4a93-bd4e-df7a40f99513,4810023552,02512d75-a4d7-4b7f-bfb3-53ce9689a7dc,dca0a12a-91ff-4799-9412-86a49099eec5,0000270319,, 19.04.2025,
1ba3f3f7-c643-44c6-9453-5174550c4ea5,4810023552,02512d75-a4d7-4b7f-bfb3-53ce9689a7dc,dca0a12a-91ff-4799-9412-86a49099eec5,0000270319,, 19.04.2025,
052a4e61-e1f0-4a8d-9e38-fa94765d9946,4810023552,02512d75-a4d7-4b7f-bfb3-53ce9689a7dc,dca0a12a-91ff-4799-9412-86a49099eec5,0000270319,, 19.04.2025,
748578e7-43ed-4602-9218-59a3dc897e65,4810023552,02512d75-a4d7-4b7f-bfb3-53ce9689a7dc,dca0a12a-91ff-4799-9412-86a49099eec5,0000270319,, 19.04.2025,
f77aef17-6125-4e5d-94f9-3ff13b3f6316,4810023552,02512d75-a4d7-4b7f-bfb3-53ce9689a7dc,dca0a12a-91ff-4799-9412-86a49099eec5,0000270319,, 19.04.2025,
edf26b62-82a9-4f90-8da0-820f801349f9,4810023552,02512d75-a4d7-4b7f-bfb3-53ce9689a7dc,dca0a12a-91ff-4799-9412-86a49099eec5,0000270319,, 19.04.2025,
ded49c8e-e73b-411e-88e9-bf5d12771e28,4810023552,02512d75-a4d7-4b7f-bfb3-53ce9689a7dc,dca0a12a-91ff-4799-9412-86a49099eec5,0000270319,, 19.04.2025,
1a58da34-f48c-497b-be44-785f711947b2,4810023552,02512d75-a4d7-4b7f-bfb3-53ce9689a7dc,dca0a12a-91ff-4799-9412-86a49099eec5,0000270319,, 19.04.2025,
7af280ed-6452-4819-8d1e-6337440a68d6,4810023552,02512d75-a4d7-4b7f-bfb3-53ce9689a7dc,dca0a12a-91ff-4799-9412-86a49099eec5,0000270319,, 19.04.2025,
bbc10f08-4ef6-4e38-9b9b-4d869a51fdd6,4810023552,02512d75-a4d7-4b7f-bfb3-53ce9689a7dc,dca0a12a-91ff-4799-9412-86a49099eec5,0000270319,, 19.04.2025,
0098802d-c204-4b6a-b474-5ae5225224bd,4810023552,02512d75-a4d7-4b7f-bfb3-53ce9689a7dc,dca0a12a-91ff-4799-9412-86a49099eec5,0000270319,, 19.04.2025,
d2c2ac70-ef32-40c9-b667-f0f97c37eaba,4810023552,02512d75-a4d7-4b7f-bfb3-53ce9689a7dc,dca0a12a-91ff-4799-9412-86a49099eec5,0000270319,, 19.04.2025,
1f052c10-9295-4588-93a6-801bcce519c8,4810023552,02512d75-a4d7-4b7f-bfb3-53ce9689a7dc,dca0a12a-91ff-4799-9412-86a49099eec5,0000270319,, 19.04.2025,
4deee921-69b3-416c-9c62-82b7ec5d2e28,4810023552,02512d75-a4d7-4b7f-bfb3-53ce9689a7dc,dca0a12a-91ff-4799-9412-86a49099eec5,0000270319,, 19.04.2025,
ec4ac51e-1feb-4de6-be8d-59432bd1d971,4810023552,02512d75-a4d7-4b7f-bfb3-53ce9689a7dc,dca0a12a-91ff-4799-9412-86a49099eec5,0000270319,, 19.04.2025,
ea523352-bf66-4a37-9687-6b51f40c7a5f,4810023552,02512d75-a4d7-4b7f-bfb3-53ce9689a7dc,dca0a12a-91ff-4799-9412-86a49099eec5,0000270319,, 19.04.2025,
bcbfcca3-674a-4e83-bb94-02c23d7a636c,4810023552,02512d75-a4d7-4b7f-bfb3-53ce9689a7dc,dca0a12a-91ff-4799-9412-86a49099eec5,0000270319,, 19.04.2025,
9bc6bb0f-ada8-4444-a1a4-8b14424f55d2,4810023552,02512d75-a4d7-4b7f-bfb3-53ce9689a7dc,dca0a12a-91ff-4799-9412-86a49099eec5,0000270319,, 19.04.2025,
ba94826f-4099-44ba-80d5-dc53bd6f5612,4810023552,02512d75-a4d7-4b7f-bfb3-53ce9689a7dc,dca0a12a-91ff-4799-9412-86a49099eec5,0000270319,, 19.04.2025,
9eb1c31d-2a5a-4662-9c4c-e8fd37f2ae91,4810023552,02512d75-a4d7-4b7f-bfb3-53ce9689a7dc,dca0a12a-91ff-4799-9412-86a49099eec5,0000270319,, 19.04.2025,
81c23afb-429c-4dba-8f6a-5139d549e5e6,4810023552,02512d75-a4d7-4b7f-bfb3-53ce9689a7dc,dca0a12a-91ff-4799-9412-86a49099eec5,0000270319,, 19.04.2025,
e72359ca-a5f5-44b5-9d3b-266954a68e8d,4810023552,02512d75-a4d7-4b7f-bfb3-53ce9689a7dc,dca0a12a-91ff-4799-9412-86a49099eec5,0000270319,, 19.04.2025,
fdf6ca36-0408-4576-9ef9-9033f7191fb4,4810023552,02512d75-a4d7-4b7f-bfb3-53ce9689a7dc,dca0a12a-91ff-4799-9412-86a49099eec5,0000270319,, 19.04.2025,
74f3dde9-e34c-4c95-9b6d-abe052f03163,4810023552,02512d75-a4d7-4b7f-bfb3-53ce9689a7dc,dca0a12a-91ff-4799-9412-86a49099eec5,0000270319,, 19.04.2025,
03698b14-2fef-4389-9c87-6970a964bd0a,4810023552,02512d75-a4d7-4b7f-bfb3-53ce9689a7dc,dca0a12a-91ff-4799-9412-86a49099eec5,0000270319,, 19.04.2025,
a4af2e28-8a52-45e0-8684-ac122d97cf8c,4810023552,02512d75-a4d7-4b7f-bfb3-53ce9689a7dc,dca0a12a-91ff-4799-9412-86a49099eec5,0000270319,, 19.04.2025,
0681ea61-32a0-476b-8993-f5b9907173c0,4810023552,02512d75-a4d7-4b7f-bfb3-53ce9689a7dc,dca0a12a-91ff-4799-9412-86a49099eec5,0000270319,, 19.04.2025,
30fbcd12-aac6-459b-abbe-cac4670933c9,4810023552,02512d75-a4d7-4b7f-bfb3-53ce9689a7dc,dca0a12a-91ff-4799-9412-86a49099eec5,0000270319,, 19.04.2025,
4bc24b42-567b-4346-8801-d55f3acbd2e8,4810023552,02512d75-a4d7-4b7f-bfb3-53ce9689a7dc,dca0a12a-91ff-4799-9412-86a49099eec5,0000270319,, 19.04.2025,
8d683bd7-68f5-407e-812a-2c39f8e010f1,4810023552,02512d75-a4d7-4b7f-bfb3-53ce9689a7dc,dca0a12a-91ff-4799-9412-86a49099eec5,0000270319,, 19.04.2025,
396f19db-8902-4eb8-b2ea-8fbc5429e20e,4810023552,02512d75-a4d7-4b7f-bfb3-53ce9689a7dc,dca0a12a-91ff-4799-9412-86a49099eec5,0000270319,, 19.04.2025,
4c866008-9c8b-4a46-a23c-91854c17a79e,4810023552,02512d75-a4d7-4b7f-bfb3-53ce9689a7dc,dca0a12a-91ff-4799-9412-86a49099eec5,0000270319,, 19.04.2025,
40299a83-b29a-47c2-aadb-06a4bbaaaf58,4810023552,02512d75-a4d7-4b7f-bfb3-53ce9689a7dc,dca0a12a-91ff-4799-9412-86a49099eec5,0000270319,, 19.04.2025,
60a34d4a-5438-4644-9e80-2a32d382fb2e,4810023552,02512d75-a4d7-4b7f-bfb3-53ce9689a7dc,dca0a12a-91ff-4799-9412-86a49099eec5,0000270319,, 19.04.2025,
c2eede60-5c12-4a3d-b783-9c0f1d4f0140,4810023552,02512d75-a4d7-4b7f-bfb3-53ce9689a7dc,dca0a12a-91ff-4799-9412-86a49099eec5,0000270319,, 19.04.2025,
ad22facb-75aa-46ea-9ae6-2dc475811a25,4810023552,02512d75-a4d7-4b7f-bfb3-53ce9689a7dc,dca0a12a-91ff-4799-9412-86a49099eec5,0000270319,, 19.04.2025,
159943ad-4418-4fd6-aeab-7f075c9e09af,4810023552,02512d75-a4d7-4b7f-bfb3-53ce9689a7dc,dca0a12a-91ff-4799-9412-86a49099eec5,0000270319,, 19.04.2025,
5582d59a-1607-4a3c-90e4-d3e9f94b876c,4810023552,02512d75-a4d7-4b7f-bfb3-53ce9689a7dc,dca0a12a-91ff-4799-9412-86a49099eec5,0000270319,, 19.04.2025,
d31067c4-4074-47bd-b9cd-cfc28f4d5e44,4810023552,02512d75-a4d7-4b7f-bfb3-53ce9689a7dc,dca0a12a-91ff-4799-9412-86a49099eec5,0000270319,, 19.04.2025,
3a35d19c-7584-4d0b-9d99-046ef5d5d8f3,4810023552,02512d75-a4d7-4b7f-bfb3-53ce9689a7dc,dca0a12a-91ff-4799-9412-86a49099eec5,0000270319,, 19.04.2025,
e4bae974-cf1c-40a8-b802-e4df93a88f7e,4810023552,02512d75-a4d7-4b7f-bfb3-53ce9689a7dc,dca0a12a-91ff-4799-9412-86a49099eec5,0000270319,, 19.04.2025,
8dfc5284-fcc8-45be-9ffd-26bd5e6766f0,4810023552,02512d75-a4d7-4b7f-bfb3-53ce9689a7dc,dca0a12a-91ff-4799-9412-86a49099eec5,0000270319,, 19.04.2025,
061cb540-5b58-4296-97dc-f678e4d00290,4810023552,02512d75-a4d7-4b7f-bfb3-53ce9689a7dc,dca0a12a-91ff-4799-9412-86a49099eec5,0000270319,, 19.04.2025,
dff2ae2f-3636-407c-a953-6475966a1f96,4810023552,02512d75-a4d7-4b7f-bfb3-53ce9689a7dc,dca0a12a-91ff-4799-9412-86a49099eec5,0000270319,, 19.04.2025,
d64170e5-dd7c-49ff-82cf-cd4d8ff56d58,4810023552,02512d75-a4d7-4b7f-bfb3-53ce9689a7dc,dca0a12a-91ff-4799-9412-86a49099eec5,0000270319,, 19.04.2025,
db99313e-eb75-48cd-bd51-2b0dc8f3bddf,4810023552,02512d75-a4d7-4b7f-bfb3-53ce9689a7dc,dca0a12a-91ff-4799-9412-86a49099eec5,0000270319,, 19.04.2025,
a17aeff8-cdb8-411f-a7fb-e6395df7a115,4810023552,02512d75-a4d7-4b7f-bfb3-53ce9689a7dc,dca0a12a-91ff-4799-9412-86a49099eec5,0000270319,, 19.04.2025,
3f856ebd-d334-4c7c-9eee-0bbe51801557,4810023552,02512d75-a4d7-4b7f-bfb3-53ce9689a7dc,dca0a12a-91ff-4799-9412-86a49099eec5,0000270319,, 19.04.2025,
6f4b70d8-adf3-47c6-9c01-b9e33ce048c5,4810023552,02512d75-a4d7-4b7f-bfb3-53ce9689a7dc,dca0a12a-91ff-4799-9412-86a49099eec5,0000270319,, 19.04.2025,
746d0c99-571a-41fe-b1bd-f35ada80ef0b,4810023552,02512d75-a4d7-4b7f-bfb3-53ce9689a7dc,dca0a12a-91ff-4799-9412-86a49099eec5,0000270319,, 19.04.2025,
9c97804d-89dd-4dde-9193-58f70dc4b30d,4810023552,02512d75-a4d7-4b7f-bfb3-53ce9689a7dc,dca0a12a-91ff-4799-9412-86a49099eec5,0000270319,, 19.04.2025,
54528b23-136a-4ddd-9163-e0fb02a4f9b7,4810023552,02512d75-a4d7-4b7f-bfb3-53ce9689a7dc,dca0a12a-91ff-4799-9412-86a49099eec5,0000270319,, 19.04.2025,
f6acb9e7-cd13-49d3-a719-5403b3a61055,4810023552,02512d75-a4d7-4b7f-bfb3-53ce9689a7dc,dca0a12a-91ff-4799-9412-86a49099eec5,0000270319,, 19.04.2025,
4f2fc666-8cc7-44f2-8b22-f9180794ea64,4810023552,02512d75-a4d7-4b7f-bfb3-53ce9689a7dc,dca0a12a-91ff-4799-9412-86a49099eec5,0000270319,, 19.04.2025,
8cebd88a-62b9-444d-bda3-cb9f390da12b,4810023552,02512d75-a4d7-4b7f-bfb3-53ce9689a7dc,dca0a12a-91ff-4799-9412-86a49099eec5,0000270319,, 19.04.2025,
04601ad8-259e-424b-b269-83f12b394d54,4810023552,02512d75-a4d7-4b7f-bfb3-53ce9689a7dc,dca0a12a-91ff-4799-9412-86a49099eec5,0000270319,, 19.04.2025,
761e1344-972d-4a2d-9c68-bddedd829c87,4810023552,02512d75-a4d7-4b7f-bfb3-53ce9689a7dc,dca0a12a-91ff-4799-9412-86a49099eec5,0000270319,, 19.04.2025,
43d3c743-ec4d-4fc0-acc4-37107d1d4eb2,4810023552,02512d75-a4d7-4b7f-bfb3-53ce9689a7dc,dca0a12a-91ff-4799-9412-86a49099eec5,0000270319,, 19.04.2025,
0cab1f9f-2637-4008-be4b-f0389d28cbab,4810023552,02512d75-a4d7-4b7f-bfb3-53ce9689a7dc,dca0a12a-91ff-4799-9412-86a49099eec5,0000270319,, 19.04.2025,
2fd675f5-56db-45b5-8585-070b65d4463d,4810023552,02512d75-a4d7-4b7f-bfb3-53ce9689a7dc,dca0a12a-91ff-4799-9412-86a49099eec5,0000270319,, 19.04.2025,
eb85fac5-b009-4340-986b-967b3163d1d0,4810023552,02512d75-a4d7-4b7f-bfb3-53ce9689a7dc,dca0a12a-91ff-4799-9412-86a49099eec5,0000270319,, 19.04.2025,
00b8d9c9-58e9-4c50-9966-73dbc39371ef,4810023552,02512d75-a4d7-4b7f-bfb3-53ce9689a7dc,dca0a12a-91ff-4799-9412-86a49099eec5,0000270319,, 19.04.2025,
27ddeac5-362e-4ee2-9bf6-ef79f8ff1df2,4810023552,02512d75-a4d7-4b7f-bfb3-53ce9689a7dc,dca0a12a-91ff-4799-9412-86a49099eec5,0000270319,, 19.04.2025,
b49d11cc-5782-4e34-94d2-edd4de705aad,4810023552,02512d75-a4d7-4b7f-bfb3-53ce9689a7dc,dca0a12a-91ff-4799-9412-86a49099eec5,0000270319,, 19.04.2025,
89f93c9a-a40f-4102-8f35-fb2a0ab9d9bb,4810023552,02512d75-a4d7-4b7f-bfb3-53ce9689a7dc,dca0a12a-91ff-4799-9412-86a49099eec5,0000270319,, 19.04.2025,
e1e84130-5f0d-40a8-bc2c-68c5a5da82eb,4810023552,02512d75-a4d7-4b7f-bfb3-53ce9689a7dc,dca0a12a-91ff-4799-9412-86a49099eec5,0000270319,, 19.04.2025,
b91dab5a-e72d-4e5b-ba96-27014de4855d,4810023552,02512d75-a4d7-4b7f-bfb3-53ce9689a7dc,dca0a12a-91ff-4799-9412-86a49099eec5,0000270319,, 19.04.2025,
d17d9eac-b55a-4388-b3f6-63486ff1261c,4810023552,02512d75-a4d7-4b7f-bfb3-53ce9689a7dc,dca0a12a-91ff-4799-9412-86a49099eec5,0000270319,, 19.04.2025,
90dd3fe4-978e-4428-99fb-819475f3bba1,4810023552,02512d75-a4d7-4b7f-bfb3-53ce9689a7dc,dca0a12a-91ff-4799-9412-86a49099eec5,0000270319,, 19.04.2025,
71ee7de2-bcde-43c6-bac4-d5fb710fd2f7,4810023552,02512d75-a4d7-4b7f-bfb3-53ce9689a7dc,dca0a12a-91ff-4799-9412-86a49099eec5,0000270319,, 19.04.2025,
50ae2e01-9814-4931-8398-92d0df1cb938,4810023552,02512d75-a4d7-4b7f-bfb3-53ce9689a7dc,dca0a12a-91ff-4799-9412-86a49099eec5,0000270319,, 19.04.2025,
26babf35-3432-4540-872e-f96fe435bce5,4810023552,02512d75-a4d7-4b7f-bfb3-53ce9689a7dc,dca0a12a-91ff-4799-9412-86a49099eec5,0000270319,, 19.04.2025,
b1df374c-33c8-46d3-be0b-51b0626cff6d,4810023552,02512d75-a4d7-4b7f-bfb3-53ce9689a7dc,dca0a12a-91ff-4799-9412-86a49099eec5,0000270319,, 19.04.2025,
1055897e-d04f-4097-93c8-9ae1401df4b3,4810023552,02512d75-a4d7-4b7f-bfb3-53ce9689a7dc,dca0a12a-91ff-4799-9412-86a49099eec5,0000270319,, 19.04.2025,
0dd84a34-d491-4664-a673-d8c6c8004dbc,4810023552,02512d75-a4d7-4b7f-bfb3-53ce9689a7dc,dca0a12a-91ff-4799-9412-86a49099eec5,0000270319,, 19.04.2025,
c8420e43-0073-4abc-9135-dfdb3ae12288,4810023552,02512d75-a4d7-4b7f-bfb3-53ce9689a7dc,dca0a12a-91ff-4799-9412-86a49099eec5,0000270319,, 19.04.2025,
cc8004ba-f0d1-4243-867c-99bfdf79b619,4810023552,02512d75-a4d7-4b7f-bfb3-53ce9689a7dc,dca0a12a-91ff-4799-9412-86a49099eec5,0000270319,, 19.04.2025,
7ca4ba44-35b0-4a6c-8d21-8ac1fdb51a2d,4810023552,02512d75-a4d7-4b7f-bfb3-53ce9689a7dc,dca0a12a-91ff-4799-9412-86a49099eec5,0000270319,, 19.04.2025,
6f4fe4d6-6632-4362-98ad-07df69605fd9,4810023552,02512d75-a4d7-4b7f-bfb3-53ce9689a7dc,dca0a12a-91ff-4799-9412-86a49099eec5,0000270319,, 19.04.2025,
9bd22c1c-c23a-45e0-80fe-0c30a8ee1205,4810023552,02512d75-a4d7-4b7f-bfb3-53ce9689a7dc,dca0a12a-91ff-4799-9412-86a49099eec5,0000270319,, 19.04.2025,
1df57853-5ec1-4a98-b9ae-4de6cdb602c9,4810023552,02512d75-a4d7-4b7f-bfb3-53ce9689a7dc,dca0a12a-91ff-4799-9412-86a49099eec5,0000270319,, 19.04.2025,
de8192f7-4eb9-4866-ad54-338ab5b26645,4810023552,02512d75-a4d7-4b7f-bfb3-53ce9689a7dc,dca0a12a-91ff-4799-9412-86a49099eec5,0000270319,, 19.04.2025,
fc2125f7-e3da-406f-803e-85a01e673fd0,4810023552,02512d75-a4d7-4b7f-bfb3-53ce9689a7dc,dca0a12a-91ff-4799-9412-86a49099eec5,0000270319,, 19.04.2025,
8fc9ae50-813e-4d0d-833b-3425642a76c2,4810023552,02512d75-a4d7-4b7f-bfb3-53ce9689a7dc,dca0a12a-91ff-4799-9412-86a49099eec5,0000270319,, 19.04.2025,
50821dd4-1e5a-4db6-b781-f00e60c490b7,4810023552,02512d75-a4d7-4b7f-bfb3-53ce9689a7dc,dca0a12a-91ff-4799-9412-86a49099eec5,0000270319,, 19.04.2025,
49009a96-da09-4380-9fa9-c6245dfc17b6,4810023552,02512d75-a4d7-4b7f-bfb3-53ce9689a7dc,dca0a12a-91ff-4799-9412-86a49099eec5,0000270319,, 19.04.2025,
f269e193-57e2-4d66-94ba-d4e6da675725,4810023552,02512d75-a4d7-4b7f-bfb3-53ce9689a7dc,dca0a12a-91ff-4799-9412-86a49099eec5,0000270319,, 19.04.2025,
f2ed50ca-45c9-4f90-8b5a-40a326524581,4810023552,02512d75-a4d7-4b7f-bfb3-53ce9689a7dc,dca0a12a-91ff-4799-9412-86a49099eec5,0000270319,, 19.04.2025,
28512ec3-99d5-40df-9bf1-a6cfc0782f3a,4810023552,02512d75-a4d7-4b7f-bfb3-53ce9689a7dc,dca0a12a-91ff-4799-9412-86a49099eec5,0000270319,, 19.04.2025,
1d7afec8-8ce7-40e6-a5c1-19b2226a9f76,4810023552,02512d75-a4d7-4b7f-bfb3-53ce9689a7dc,dca0a12a-91ff-4799-9412-86a49099eec5,0000270319,, 19.04.2025,
d6eb875e-2d70-4c96-a6fa-918f143ca945,4810023552,02512d75-a4d7-4b7f-bfb3-53ce9689a7dc,dca0a12a-91ff-4799-9412-86a49099eec5,0000270319,, 19.04.2025,
f7de821b-e1fa-4e62-8bb1-c508f4c10626,4810023552,02512d75-a4d7-4b7f-bfb3-53ce9689a7dc,dca0a12a-91ff-4799-9412-86a49099eec5,0000270319,, 19.04.2025,
9b49fcd0-f281-49fb-89c2-eada2d103992,4810023552,02512d75-a4d7-4b7f-bfb3-53ce9689a7dc,dca0a12a-91ff-4799-9412-86a49099eec5,0000270319,, 19.04.2025,
ab8cb12b-6857-41b3-bff5-f606fbca903f,4810023552,02512d75-a4d7-4b7f-bfb3-53ce9689a7dc,dca0a12a-91ff-4799-9412-86a49099eec5,0000270319,, 19.04.2025,
9cfa21d8-1567-4af0-8f2e-1f0e8fb3d65f,4810023552,02512d75-a4d7-4b7f-bfb3-53ce9689a7dc,dca0a12a-91ff-4799-9412-86a49099eec5,0000270319,, 19.04.2025,
176dd101-9833-4f99-b695-c9732d52d855,4810023552,02512d75-a4d7-4b7f-bfb3-53ce9689a7dc,dca0a12a-91ff-4799-9412-86a49099eec5,0000270319,, 19.04.2025,
0c77cfc5-5f25-483b-b2a7-29bb108712ad,4810023552,02512d75-a4d7-4b7f-bfb3-53ce9689a7dc,dca0a12a-91ff-4799-9412-86a49099eec5,0000270319,, 19.04.2025,
d91e1b1c-994f-4ee1-a7e7-4d0bfe08cc9b,4810023552,02512d75-a4d7-4b7f-bfb3-53ce9689a7dc,dca0a12a-91ff-4799-9412-86a49099eec5,0000270319,, 19.04.2025,
a2092bcd-160a-41a6-a571-570b816c5ceb,4810023552,02512d75-a4d7-4b7f-bfb3-53ce9689a7dc,dca0a12a-91ff-4799-9412-86a49099eec5,0000270319,, 19.04.2025,
36dfd366-f1da-4540-8875-c32af668caaa,4810023552,02512d75-a4d7-4b7f-bfb3-53ce9689a7dc,dca0a12a-91ff-4799-9412-86a49099eec5,0000270319,, 19.04.2025,
b0ff14f5-2651-4f77-b18d-0f308904127c,4810023552,02512d75-a4d7-4b7f-bfb3-53ce9689a7dc,dca0a12a-91ff-4799-9412-86a49099eec5,0000270319,, 19.04.2025,
3bc8b435-43c9-4c46-a0f2-4a3fdbfb6d92,4810023552,02512d75-a4d7-4b7f-bfb3-53ce9689a7dc,dca0a12a-91ff-4799-9412-86a49099eec5,0000270319,, 19.04.2025,
1f099ccc-5d84-41b6-a5fb-e8ddc49ccbb6,4810023552,02512d75-a4d7-4b7f-bfb3-53ce9689a7dc,dca0a12a-91ff-4799-9412-86a49099eec5,0000270319,, 19.04.2025,
42f8e072-e8d1-4453-865b-fb271fdf9b7f,4810023552,02512d75-a4d7-4b7f-bfb3-53ce9689a7dc,dca0a12a-91ff-4799-9412-86a49099eec5,0000270319,, 19.04.2025,
76178dbf-2774-4096-85b5-31aea6474cda,4810023552,02512d75-a4d7-4b7f-bfb3-53ce9689a7dc,dca0a12a-91ff-4799-9412-86a49099eec5,0000270319,, 19.04.2025,
2ff5b91b-9af8-47fd-ae4b-cb23c91c6501,4810023552,02512d75-a4d7-4b7f-bfb3-53ce9689a7dc,dca0a12a-91ff-4799-9412-86a49099eec5,0000270319,, 19.04.2025,
77c7407e-4d89-4718-94ad-e54467e2988c,4810023552,02512d75-a4d7-4b7f-bfb3-53ce9689a7dc,dca0a12a-91ff-4799-9412-86a49099eec5,0000270319,, 19.04.2025,
68885671-04f3-4fb8-a358-9fa4957f4f6b,4810023552,02512d75-a4d7-4b7f-bfb3-53ce9689a7dc,dca0a12a-91ff-4799-9412-86a49099eec5,0000270319,, 19.04.2025,
b759ec62-58f5-4497-90f3-b72a57d24876,4810023552,02512d75-a4d7-4b7f-bfb3-53ce9689a7dc,dca0a12a-91ff-4799-9412-86a49099eec5,0000270319,, 19.04.2025,
2a03aa9a-4a48-4601-81c9-db032a51ff27,4810023552,02512d75-a4d7-4b7f-bfb3-53ce9689a7dc,dca0a12a-91ff-4799-9412-86a49099eec5,0000270319,, 19.04.2025,
2df1415e-6dac-468d-8460-de968973e760,4810023552,02512d75-a4d7-4b7f-bfb3-53ce9689a7dc,dca0a12a-91ff-4799-9412-86a49099eec5,0000270319,, 19.04.2025,
66cc20ae-5ce8-4451-bd06-a331c03ebf3b,4810023552,02512d75-a4d7-4b7f-bfb3-53ce9689a7dc,dca0a12a-91ff-4799-9412-86a49099eec5,0000270319,, 19.04.2025,
ec63408f-556d-49ae-b4f6-f2bc8751c983,4810023552,02512d75-a4d7-4b7f-bfb3-53ce9689a7dc,dca0a12a-91ff-4799-9412-86a49099eec5,0000270319,, 19.04.2025,
7bcc000b-d6ed-4037-a52d-f3207cf7822d,4810023552,02512d75-a4d7-4b7f-bfb3-53ce9689a7dc,dca0a12a-91ff-4799-9412-86a49099eec5,0000270319,, 19.04.2025,
a8182eb1-54a2-42bb-aa04-8af0ab07034c,4810023552,02512d75-a4d7-4b7f-bfb3-53ce9689a7dc,dca0a12a-91ff-4799-9412-86a49099eec5,0000270319,, 19.04.2025,
9bc29ccd-9a98-41c2-8437-c727e1065cdb,4810023552,02512d75-a4d7-4b7f-bfb3-53ce9689a7dc,dca0a12a-91ff-4799-9412-86a49099eec5,0000270319,, 19.04.2025,
3e83026a-c897-4e4a-a727-8d5f0eb7e97e,4810023552,02512d75-a4d7-4b7f-bfb3-53ce9689a7dc,dca0a12a-91ff-4799-9412-86a49099eec5,0000270319,, 19.04.2025,
204f670d-6f52-470d-b18d-fd937d67d784,4810023552,02512d75-a4d7-4b7f-bfb3-53ce9689a7dc,dca0a12a-91ff-4799-9412-86a49099eec5,0000270319,, 19.04.2025,
fd405e64-fc6e-4446-8d52-644eb3a0286f,4810023552,02512d75-a4d7-4b7f-bfb3-53ce9689a7dc,dca0a12a-91ff-4799-9412-86a49099eec5,0000270319,, 19.04.2025,
fa27458e-821e-4154-8a16-079d99f1df73,4810023552,02512d75-a4d7-4b7f-bfb3-53ce9689a7dc,dca0a12a-91ff-4799-9412-86a49099eec5,0000270319,, 19.04.2025,
b7f1b3b1-2972-41b1-b6f3-379668021fce,4810023552,02512d75-a4d7-4b7f-bfb3-53ce9689a7dc,dca0a12a-91ff-4799-9412-86a49099eec5,0000270319,, 19.04.2025,
005f6240-a1db-44bb-b04c-b5738409f91f,4810023552,02512d75-a4d7-4b7f-bfb3-53ce9689a7dc,dca0a12a-91ff-4799-9412-86a49099eec5,0000270319,, 19.04.2025,
3619d418-b9ca-4234-8eb4-e84df5956e8b,4810023552,02512d75-a4d7-4b7f-bfb3-53ce9689a7dc,dca0a12a-91ff-4799-9412-86a49099eec5,0000270319,, 19.04.2025,
f5375815-5959-4437-bead-532381f7fa72,4810023552,02512d75-a4d7-4b7f-bfb3-53ce9689a7dc,dca0a12a-91ff-4799-9412-86a49099eec5,0000270319,, 19.04.2025,
fde61e11-3fe0-47a8-aaa5-514ac8d54ee4,4810023552,02512d75-a4d7-4b7f-bfb3-53ce9689a7dc,dca0a12a-91ff-4799-9412-86a49099eec5,0000270319,, 19.04.2025,
7c4b4b19-55af-4693-a034-78b4d13fceae,4810023552,02512d75-a4d7-4b7f-bfb3-53ce9689a7dc,dca0a12a-91ff-4799-9412-86a49099eec5,0000270319,, 19.04.2025,
76eb6cb2-6acd-40ab-a9d5-787ff0ef458d,4810023552,02512d75-a4d7-4b7f-bfb3-53ce9689a7dc,dca0a12a-91ff-4799-9412-86a49099eec5,0000270319,, 19.04.2025,
d9d861f7-9a48-4ab5-b209-23cace2b7698,4810023552,02512d75-a4d7-4b7f-bfb3-53ce9689a7dc,dca0a12a-91ff-4799-9412-86a49099eec5,0000270319,, 19.04.2025,
43a3f5ac-81a2-443e-b289-af2443b9446f,4810023552,02512d75-a4d7-4b7f-bfb3-53ce9689a7dc,dca0a12a-91ff-4799-9412-86a49099eec5,0000270319,, 19.04.2025,
8f69228c-b062-4881-9629-c7ce01750c9b,4810023552,02512d75-a4d7-4b7f-bfb3-53ce9689a7dc,dca0a12a-91ff-4799-9412-86a49099eec5,0000270319,, 19.04.2025,
8379cede-7953-455c-8a60-75af77601851,4810023552,02512d75-a4d7-4b7f-bfb3-53ce9689a7dc,dca0a12a-91ff-4799-9412-86a49099eec5,0000270319,, 19.04.2025,
77b8aa21-b16c-4336-af74-0e00b3d12abe,4810023552,02512d75-a4d7-4b7f-bfb3-53ce9689a7dc,dca0a12a-91ff-4799-9412-86a49099eec5,0000270319,, 19.04.2025,
a33a3c36-cb3c-4950-9b4f-9cb41b482bdd,4810023552,02512d75-a4d7-4b7f-bfb3-53ce9689a7dc,dca0a12a-91ff-4799-9412-86a49099eec5,0000270319,, 19.04.2025,
a98c507a-8164-4b6d-857f-24b9a7b65679,4810023552,02512d75-a4d7-4b7f-bfb3-53ce9689a7dc,dca0a12a-91ff-4799-9412-86a49099eec5,0000270319,, 19.04.2025,
0d11a391-88db-4a49-9278-f5f9b92e37d7,4810023552,02512d75-a4d7-4b7f-bfb3-53ce9689a7dc,dca0a12a-91ff-4799-9412-86a49099eec5,0000270319,, 19.04.2025,
707796ba-916e-4b5f-8017-7723c7ff525d,4810023552,02512d75-a4d7-4b7f-bfb3-53ce9689a7dc,dca0a12a-91ff-4799-9412-86a49099eec5,0000270319,, 19.04.2025,
61b6c148-5ecf-4935-bb74-dfb3a0029a16,4810023552,02512d75-a4d7-4b7f-bfb3-53ce9689a7dc,dca0a12a-91ff-4799-9412-86a49099eec5,0000270319,, 19.04.2025,
42377fe4-7b59-448e-acad-79dd6bc0be99,4810023552,02512d75-a4d7-4b7f-bfb3-53ce9689a7dc,dca0a12a-91ff-4799-9412-86a49099eec5,0000270319,, 19.04.2025,
c48d4cf5-c350-4bb3-bcad-ee769b9b21f2,4810023552,02512d75-a4d7-4b7f-bfb3-53ce9689a7dc,dca0a12a-91ff-4799-9412-86a49099eec5,0000270319,, 19.04.2025,
62be5d27-b397-434a-847c-026f632c3d85,4810023552,02512d75-a4d7-4b7f-bfb3-53ce9689a7dc,dca0a12a-91ff-4799-9412-86a49099eec5,0000270319,, 19.04.2025,
fe8ba1e0-65b0-45cc-8fbf-72c9ab2c2990,4810023552,02512d75-a4d7-4b7f-bfb3-53ce9689a7dc,dca0a12a-91ff-4799-9412-86a49099eec5,0000270319,, 19.04.2025,
cb92a514-2f0a-4616-b048-5bb33eead5b8,4810023552,02512d75-a4d7-4b7f-bfb3-53ce9689a7dc,dca0a12a-91ff-4799-9412-86a49099eec5,0000270319,, 19.04.2025,
f7468d78-842f-454e-acde-1a3d222f3a87,4810023552,02512d75-a4d7-4b7f-bfb3-53ce9689a7dc,dca0a12a-91ff-4799-9412-86a49099eec5,0000270319,, 19.04.2025,
4d1147d2-0e20-48f5-8c4a-5f9951affc44,4810023552,02512d75-a4d7-4b7f-bfb3-53ce9689a7dc,dca0a12a-91ff-4799-9412-86a49099eec5,0000270319,, 19.04.2025,
9a063d8b-a61d-4e78-a3ab-00779fbc539d,4810023552,02512d75-a4d7-4b7f-bfb3-53ce9689a7dc,dca0a12a-91ff-4799-9412-86a49099eec5,0000270319,, 19.04.2025,
b56e0883-fcc2-49ec-919c-12bad63b891d,4810023552,02512d75-a4d7-4b7f-bfb3-53ce9689a7dc,dca0a12a-91ff-4799-9412-86a49099eec5,0000270319,, 19.04.2025,
e4b66861-b617-46ca-8bf2-679e2145900e,4810023552,02512d75-a4d7-4b7f-bfb3-53ce9689a7dc,dca0a12a-91ff-4799-9412-86a49099eec5,0000270319,, 19.04.2025,
3ee4c6bc-7af5-4b96-af8b-4d7e7fdd7943,4810023552,02512d75-a4d7-4b7f-bfb3-53ce9689a7dc,dca0a12a-91ff-4799-9412-86a49099eec5,0000270319,, 19.04.2025,
5f0aa5e9-0207-477b-aa9d-7b34e8ff7a35,4810023552,02512d75-a4d7-4b7f-bfb3-53ce9689a7dc,dca0a12a-91ff-4799-9412-86a49099eec5,0000270319,, 19.04.2025,
a177787b-71a4-42f6-9c3c-4bae05f57946,4810023552,02512d75-a4d7-4b7f-bfb3-53ce9689a7dc,dca0a12a-91ff-4799-9412-86a49099eec5,0000270319,, 19.04.2025,
0c670424-fdc6-4c5b-ad1c-e155ca0cfc93,4810023552,02512d75-a4d7-4b7f-bfb3-53ce9689a7dc,dca0a12a-91ff-4799-9412-86a49099eec5,0000270319,, 19.04.2025,
b68c95bd-b102-4941-bd4a-6ade5ac54dd1,4810023552,02512d75-a4d7-4b7f-bfb3-53ce9689a7dc,dca0a12a-91ff-4799-9412-86a49099eec5,0000270319,, 19.04.2025,
8655d13a-5f26-42c0-b19b-f1a9342ed925,4810023552,02512d75-a4d7-4b7f-bfb3-53ce9689a7dc,dca0a12a-91ff-4799-9412-86a49099eec5,0000270319,, 19.04.2025,
25cfac24-8b19-4109-8f65-a9e793522c77,4810023552,02512d75-a4d7-4b7f-bfb3-53ce9689a7dc,dca0a12a-91ff-4799-9412-86a49099eec5,0000270319,, 19.04.2025,
3fe1142e-20a9-4af7-950d-0edeea8e0174,4810023552,02512d75-a4d7-4b7f-bfb3-53ce9689a7dc,dca0a12a-91ff-4799-9412-86a49099eec5,0000270319,, 19.04.2025,
15d4a3ef-9c44-4380-83b6-9af7e2e12d61,4810023552,02512d75-a4d7-4b7f-bfb3-53ce9689a7dc,dca0a12a-91ff-4799-9412-86a49099eec5,0000270319,, 19.04.2025,
ec47db24-94b0-46db-a3d3-4ae2a401831b,4810023552,02512d75-a4d7-4b7f-bfb3-53ce9689a7dc,dca0a12a-91ff-4799-9412-86a49099eec5,0000270319,, 19.04.2025,
4a29abba-9eb6-437a-a571-c2b7fe65e3f0,4810023552,02512d75-a4d7-4b7f-bfb3-53ce9689a7dc,dca0a12a-91ff-4799-9412-86a49099eec5,0000270319,, 19.04.2025,
4143e516-07b4-4db4-a6ea-3993d16d6d9b,4810023552,02512d75-a4d7-4b7f-bfb3-53ce9689a7dc,dca0a12a-91ff-4799-9412-86a49099eec5,0000270319,, 19.04.2025,
d8d2ca03-f5fd-438c-990b-ab5628441624,4810023552,02512d75-a4d7-4b7f-bfb3-53ce9689a7dc,dca0a12a-91ff-4799-9412-86a49099eec5,0000270319,, 19.04.2025,
e7c94a96-ca91-4f88-8d1b-aba28e030af8,4810023552,02512d75-a4d7-4b7f-bfb3-53ce9689a7dc,dca0a12a-91ff-4799-9412-86a49099eec5,0000270319,, 19.04.2025,
4018d0ae-4e56-4004-b388-d40a79cde1a1,4810023552,02512d75-a4d7-4b7f-bfb3-53ce9689a7dc,dca0a12a-91ff-4799-9412-86a49099eec5,0000270319,, 19.04.2025,
a93a6f10-3454-4c3c-bc82-6f75598d36f7,4810023552,02512d75-a4d7-4b7f-bfb3-53ce9689a7dc,dca0a12a-91ff-4799-9412-86a49099eec5,0000270319,, 19.04.2025,
f1874735-7ade-4a1c-8c28-966064e4d6eb,4810023552,02512d75-a4d7-4b7f-bfb3-53ce9689a7dc,dca0a12a-91ff-4799-9412-86a49099eec5,0000270319,, 19.04.2025,
4a73385f-f64a-48cf-9c8a-a2afcfa5195d,4810023552,02512d75-a4d7-4b7f-bfb3-53ce9689a7dc,dca0a12a-91ff-4799-9412-86a49099eec5,0000270319,, 19.04.2025,
1dd5c3ea-ed1a-48f5-a31d-177f407cf1da,4810023552,02512d75-a4d7-4b7f-bfb3-53ce9689a7dc,dca0a12a-91ff-4799-9412-86a49099eec5,0000270319,, 19.04.2025,
33599a81-27dd-45da-9ad4-41d768212234,4810023552,02512d75-a4d7-4b7f-bfb3-53ce9689a7dc,dca0a12a-91ff-4799-9412-86a49099eec5,0000270319,, 19.04.2025,
82e8cd62-cf4e-4f5a-9972-69be8b9e4eb8,4810023552,02512d75-a4d7-4b7f-bfb3-53ce9689a7dc,dca0a12a-91ff-4799-9412-86a49099eec5,0000270319,, 19.04.2025,
2673039a-ba5f-485c-abc0-894878a468ce,4810023552,02512d75-a4d7-4b7f-bfb3-53ce9689a7dc,dca0a12a-91ff-4799-9412-86a49099eec5,0000270319,, 19.04.2025,
48eaae68-1bde-4b30-81d8-1a4db121d2f3,4810023552,02512d75-a4d7-4b7f-bfb3-53ce9689a7dc,dca0a12a-91ff-4799-9412-86a49099eec5,0000270319,, 19.04.2025,
3b067bee-6a43-42b7-98c3-85892dd2fd8a,4810023552,02512d75-a4d7-4b7f-bfb3-53ce9689a7dc,dca0a12a-91ff-4799-9412-86a49099eec5,0000270319,, 19.04.2025,
e9260c64-cb19-433b-a93f-bfceda33b889,4810023552,02512d75-a4d7-4b7f-bfb3-53ce9689a7dc,dca0a12a-91ff-4799-9412-86a49099eec5,0000270319,, 19.04.2025,
e44e594b-f419-41d2-a1cc-cfc803969420,4810023552,02512d75-a4d7-4b7f-bfb3-53ce9689a7dc,dca0a12a-91ff-4799-9412-86a49099eec5,0000270319,, 19.04.2025,
c03530f4-c6c3-4d06-a377-1c20d331ecd1,4810023552,02512d75-a4d7-4b7f-bfb3-53ce9689a7dc,dca0a12a-91ff-4799-9412-86a49099eec5,0000270319,, 19.04.2025,
3be72d85-b3d6-4c22-b662-dc6eca778cf2,4810023552,02512d75-a4d7-4b7f-bfb3-53ce9689a7dc,dca0a12a-91ff-4799-9412-86a49099eec5,0000270319,, 19.04.2025,
a3b65622-f9fb-412d-93f2-8007ab40131b,4810023552,02512d75-a4d7-4b7f-bfb3-53ce9689a7dc,dca0a12a-91ff-4799-9412-86a49099eec5,0000270319,, 19.04.2025,
bde358a8-2695-4a20-8db1-09b2aed6c9d9,4810023552,02512d75-a4d7-4b7f-bfb3-53ce9689a7dc,dca0a12a-91ff-4799-9412-86a49099eec5,0000270319,, 19.04.2025,
2127210b-d9e7-4805-bbba-5b71b87270de,4810023552,02512d75-a4d7-4b7f-bfb3-53ce9689a7dc,dca0a12a-91ff-4799-9412-86a49099eec5,0000270319,, 19.04.2025,
db3954d3-6849-46a7-919f-9dbc6971ae2d,4810023552,02512d75-a4d7-4b7f-bfb3-53ce9689a7dc,dca0a12a-91ff-4799-9412-86a49099eec5,0000270319,, 19.04.2025,
66fab054-e604-4581-8676-e23a6e9e0a64,4810023552,02512d75-a4d7-4b7f-bfb3-53ce9689a7dc,dca0a12a-91ff-4799-9412-86a49099eec5,0000270319,, 19.04.2025,
bdfe1f2e-2a8a-4f6c-bd82-a3ec8b555a39,4810023552,02512d75-a4d7-4b7f-bfb3-53ce9689a7dc,dca0a12a-91ff-4799-9412-86a49099eec5,0000270319,, 19.04.2025,
8c8b778e-155b-402b-b8c9-fbea72a9f58a,4810023552,02512d75-a4d7-4b7f-bfb3-53ce9689a7dc,dca0a12a-91ff-4799-9412-86a49099eec5,0000270319,, 19.04.2025,
8b3983d6-45dc-4c7c-94b5-19fa4955346f,4810023552,02512d75-a4d7-4b7f-bfb3-53ce9689a7dc,dca0a12a-91ff-4799-9412-86a49099eec5,0000270319,, 19.04.2025,
3f2e6f97-f233-459b-a2bc-4c3593e53e02,4810023552,02512d75-a4d7-4b7f-bfb3-53ce9689a7dc,dca0a12a-91ff-4799-9412-86a49099eec5,0000270319,, 19.04.2025,
cb0f9218-c919-41ae-b2f8-15b460e96e34,4810023552,02512d75-a4d7-4b7f-bfb3-53ce9689a7dc,dca0a12a-91ff-4799-9412-86a49099eec5,0000270319,, 19.04.2025,
ad2636dd-86bf-47c6-a2dd-6081c49d0352,4810023552,02512d75-a4d7-4b7f-bfb3-53ce9689a7dc,dca0a12a-91ff-4799-9412-86a49099eec5,0000270319,, 19.04.2025,
b1907e65-2806-4d8b-b22f-972644bbfb8e,4810023552,02512d75-a4d7-4b7f-bfb3-53ce9689a7dc,dca0a12a-91ff-4799-9412-86a49099eec5,0000270319,, 19.04.2025,
66d8c5d9-25d6-4fa1-94a1-3a694b2951a3,4810023552,02512d75-a4d7-4b7f-bfb3-53ce9689a7dc,dca0a12a-91ff-4799-9412-86a49099eec5,0000270319,, 19.04.2025,
c188806c-84b7-4248-b7aa-c61f711d5f21,4810023552,02512d75-a4d7-4b7f-bfb3-53ce9689a7dc,dca0a12a-91ff-4799-9412-86a49099eec5,0000270319,, 19.04.2025,
e169514f-89c7-46bb-bbec-04d6fbddd06a,4810023552,02512d75-a4d7-4b7f-bfb3-53ce9689a7dc,dca0a12a-91ff-4799-9412-86a49099eec5,0000270319,, 19.04.2025,
6932030a-189b-4d6f-89d8-8eea8132d73c,4810023552,02512d75-a4d7-4b7f-bfb3-53ce9689a7dc,dca0a12a-91ff-4799-9412-86a49099eec5,0000270319,, 19.04.2025,
27a391b0-8895-4df4-b38f-41c03bd72631,4810023552,02512d75-a4d7-4b7f-bfb3-53ce9689a7dc,dca0a12a-91ff-4799-9412-86a49099eec5,0000270319,, 19.04.2025,
de8e9fc6-896e-4390-a5e1-03fc995a9aeb,4810023552,02512d75-a4d7-4b7f-bfb3-53ce9689a7dc,dca0a12a-91ff-4799-9412-86a49099eec5,0000270319,, 19.04.2025,
8980d319-12c4-48c2-8c32-c29f4c1a9acc,4810023552,02512d75-a4d7-4b7f-bfb3-53ce9689a7dc,dca0a12a-91ff-4799-9412-86a49099eec5,0000270319,, 19.04.2025,
70650ff3-befe-43d0-acdb-088f043f4986,4810023552,02512d75-a4d7-4b7f-bfb3-53ce9689a7dc,dca0a12a-91ff-4799-9412-86a49099eec5,0000270319,, 19.04.2025,
b440703c-6f31-43d7-b05c-9b965051d2d2,4810023552,02512d75-a4d7-4b7f-bfb3-53ce9689a7dc,dca0a12a-91ff-4799-9412-86a49099eec5,0000270319,, 19.04.2025,
7e30b3ae-f01e-4700-a162-b08bc0f582c8,4810023552,02512d75-a4d7-4b7f-bfb3-53ce9689a7dc,dca0a12a-91ff-4799-9412-86a49099eec5,0000270319,, 19.04.2025,
cd87361d-a94e-41de-9a17-61179af6efbd,4810023552,02512d75-a4d7-4b7f-bfb3-53ce9689a7dc,dca0a12a-91ff-4799-9412-86a49099eec5,0000270319,, 19.04.2025,
733acca0-6668-4b2a-88c3-570f0fd10af3,4810023552,02512d75-a4d7-4b7f-bfb3-53ce9689a7dc,dca0a12a-91ff-4799-9412-86a49099eec5,0000270319,, 19.04.2025,
46bb2514-0a96-483d-8041-524a34f3c864,4810023552,02512d75-a4d7-4b7f-bfb3-53ce9689a7dc,dca0a12a-91ff-4799-9412-86a49099eec5,0000270319,, 19.04.2025,
93565f9e-f5a4-4223-ad7d-6004d9185cf2,4810023552,02512d75-a4d7-4b7f-bfb3-53ce9689a7dc,dca0a12a-91ff-4799-9412-86a49099eec5,0000270319,, 19.04.2025,
c21e9cb0-57ba-48d3-a333-949f76cc7c3e,4810023552,02512d75-a4d7-4b7f-bfb3-53ce9689a7dc,dca0a12a-91ff-4799-9412-86a49099eec5,0000270319,, 19.04.2025,
958c33db-a2a5-4c4d-b47e-6833b24dc9b6,4810023552,02512d75-a4d7-4b7f-bfb3-53ce9689a7dc,dca0a12a-91ff-4799-9412-86a49099eec5,0000270319,, 19.04.2025,
e5c2404a-6122-425d-908c-40b2ef3b6ddb,4810023552,02512d75-a4d7-4b7f-bfb3-53ce9689a7dc,dca0a12a-91ff-4799-9412-86a49099eec5,0000270319,, 19.04.2025,
9caa845f-33ea-4ff2-a830-4da938ab796a,4810023552,02512d75-a4d7-4b7f-bfb3-53ce9689a7dc,dca0a12a-91ff-4799-9412-86a49099eec5,0000270319,, 19.04.2025,
debb5c8c-f23f-48de-9068-344d7ab18e08,4810023552,02512d75-a4d7-4b7f-bfb3-53ce9689a7dc,dca0a12a-91ff-4799-9412-86a49099eec5,0000270319,, 19.04.2025,
2c64f425-9238-42ef-a17d-6a36aa9c0925,4810023552,02512d75-a4d7-4b7f-bfb3-53ce9689a7dc,dca0a12a-91ff-4799-9412-86a49099eec5,0000270319,, 19.04.2025,
b505cc04-0b2d-4411-a418-5786cea5e15d,4810023552,02512d75-a4d7-4b7f-bfb3-53ce9689a7dc,dca0a12a-91ff-4799-9412-86a49099eec5,0000270319,, 19.04.2025,
3af603f7-72a7-4de0-a9b5-a06f86b29432,4810023552,02512d75-a4d7-4b7f-bfb3-53ce9689a7dc,dca0a12a-91ff-4799-9412-86a49099eec5,0000270319,, 19.04.2025,
bec859bc-8605-4f02-a58b-d0a06175d680,4810023552,02512d75-a4d7-4b7f-bfb3-53ce9689a7dc,dca0a12a-91ff-4799-9412-86a49099eec5,0000270319,, 19.04.2025,
2c70f6ca-c347-480b-aaa8-ec85b6b9f6be,4810023552,02512d75-a4d7-4b7f-bfb3-53ce9689a7dc,dca0a12a-91ff-4799-9412-86a49099eec5,0000270319,, 19.04.2025,
d0bdb14d-0fd1-46eb-b811-1af013aac06e,4810023552,02512d75-a4d7-4b7f-bfb3-53ce9689a7dc,dca0a12a-91ff-4799-9412-86a49099eec5,0000270319,, 19.04.2025,
44e431f9-041e-4a16-957f-f32957222206,4810023552,02512d75-a4d7-4b7f-bfb3-53ce9689a7dc,dca0a12a-91ff-4799-9412-86a49099eec5,0000270319,, 19.04.2025,
98bcdf40-c61e-419d-9daf-d42e1f7fd57a,4810023552,02512d75-a4d7-4b7f-bfb3-53ce9689a7dc,dca0a12a-91ff-4799-9412-86a49099eec5,0000270319,, 19.04.2025,
54ae4237-c641-459f-82e7-d7ea5adac3ca,4810023552,02512d75-a4d7-4b7f-bfb3-53ce9689a7dc,dca0a12a-91ff-4799-9412-86a49099eec5,0000270319,, 19.04.2025,
883531ce-59e2-4396-b412-9666102b20e0,4810023552,02512d75-a4d7-4b7f-bfb3-53ce9689a7dc,dca0a12a-91ff-4799-9412-86a49099eec5,0000270319,, 19.04.2025,
56768468-d900-4fac-bfdb-aa26b64396cd,4810023552,02512d75-a4d7-4b7f-bfb3-53ce9689a7dc,dca0a12a-91ff-4799-9412-86a49099eec5,0000270319,, 19.04.2025,
39d34d8f-93e9-478c-b7a4-dc02b8ef695c,4810023552,02512d75-a4d7-4b7f-bfb3-53ce9689a7dc,dca0a12a-91ff-4799-9412-86a49099eec5,0000270319,, 19.04.2025,
487c8599-39a8-431c-bd80-c33cf0000d4c,4810023552,02512d75-a4d7-4b7f-bfb3-53ce9689a7dc,dca0a12a-91ff-4799-9412-86a49099eec5,0000270319,, 19.04.2025,
ba61d0c1-679d-477e-b4d1-fadccb473723,4810023552,02512d75-a4d7-4b7f-bfb3-53ce9689a7dc,dca0a12a-91ff-4799-9412-86a49099eec5,0000270319,, 19.04.2025,
d0f0acd6-b26d-47b6-98da-fc688918e8d9,4810023552,02512d75-a4d7-4b7f-bfb3-53ce9689a7dc,dca0a12a-91ff-4799-9412-86a49099eec5,0000270319,, 19.04.2025,
c784161d-327c-40db-b030-3e21f72b3d5d,4810023552,02512d75-a4d7-4b7f-bfb3-53ce9689a7dc,dca0a12a-91ff-4799-9412-86a49099eec5,0000270319,, 19.04.2025,
e0ca22cd-4890-444a-a5e3-844670963f85,4810023552,02512d75-a4d7-4b7f-bfb3-53ce9689a7dc,dca0a12a-91ff-4799-9412-86a49099eec5,0000270319,, 19.04.2025,
7eab28d5-4e83-4f46-9dc9-da460da527a7,4810023552,02512d75-a4d7-4b7f-bfb3-53ce9689a7dc,dca0a12a-91ff-4799-9412-86a49099eec5,0000270319,, 19.04.2025,
6a0a9b83-a131-460e-b360-354e6d4ed6ed,4810023552,02512d75-a4d7-4b7f-bfb3-53ce9689a7dc,dca0a12a-91ff-4799-9412-86a49099eec5,0000270319,, 19.04.2025,
03ab4883-128f-41e5-8fab-b15300c0e407,4810023552,02512d75-a4d7-4b7f-bfb3-53ce9689a7dc,dca0a12a-91ff-4799-9412-86a49099eec5,0000270319,, 19.04.2025,
6f7a2801-3335-46de-bb73-16fb5d4ab184,4810023552,02512d75-a4d7-4b7f-bfb3-53ce9689a7dc,dca0a12a-91ff-4799-9412-86a49099eec5,0000270319,, 19.04.2025,
d81e0af0-fada-4884-9866-0ff17462e143,4810023552,02512d75-a4d7-4b7f-bfb3-53ce9689a7dc,dca0a12a-91ff-4799-9412-86a49099eec5,0000270319,, 19.04.2025,
bd6ba33f-f292-4177-a227-8233f9c91450,4810023552,02512d75-a4d7-4b7f-bfb3-53ce9689a7dc,dca0a12a-91ff-4799-9412-86a49099eec5,0000270319,, 19.04.2025,
fb78cc4c-4b03-4739-8525-81ca9ce09b1e,4810023552,02512d75-a4d7-4b7f-bfb3-53ce9689a7dc,dca0a12a-91ff-4799-9412-86a49099eec5,0000270319,, 19.04.2025,
65a69150-bc77-4ed0-8127-1e210a06fcc8,4810023552,02512d75-a4d7-4b7f-bfb3-53ce9689a7dc,dca0a12a-91ff-4799-9412-86a49099eec5,0000270319,, 19.04.2025,
f8441364-bbff-473c-816f-8396f91f7785,4810023552,02512d75-a4d7-4b7f-bfb3-53ce9689a7dc,dca0a12a-91ff-4799-9412-86a49099eec5,0000270319,, 19.04.2025,
c80543ba-213f-479c-8e51-495bb8fb34c9,4810023552,02512d75-a4d7-4b7f-bfb3-53ce9689a7dc,dca0a12a-91ff-4799-9412-86a49099eec5,0000270319,, 19.04.2025,
bb3bc64d-62e7-487a-be5a-6f926b0ed0fa,4810023552,02512d75-a4d7-4b7f-bfb3-53ce9689a7dc,dca0a12a-91ff-4799-9412-86a49099eec5,0000270319,, 19.04.2025,
8bd1e206-d794-4512-a6d3-0fdeb981e8c3,4810023552,02512d75-a4d7-4b7f-bfb3-53ce9689a7dc,dca0a12a-91ff-4799-9412-86a49099eec5,0000270319,, 19.04.2025,
1ab29761-51ca-41cc-93f6-5cb6f956ae7a,4810023552,02512d75-a4d7-4b7f-bfb3-53ce9689a7dc,dca0a12a-91ff-4799-9412-86a49099eec5,0000270319,, 19.04.2025,
7a3e1ec3-d9b3-43bd-8824-777a470d9dfb,4810023552,02512d75-a4d7-4b7f-bfb3-53ce9689a7dc,dca0a12a-91ff-4799-9412-86a49099eec5,0000270319,, 19.04.2025,
cf4e3e5b-375f-43aa-a83f-43545fcc0fb0,4810023552,02512d75-a4d7-4b7f-bfb3-53ce9689a7dc,dca0a12a-91ff-4799-9412-86a49099eec5,0000270319,, 19.04.2025,
2e301b2a-d6e8-4536-b6f7-8e204292731f,4810023552,02512d75-a4d7-4b7f-bfb3-53ce9689a7dc,dca0a12a-91ff-4799-9412-86a49099eec5,0000270319,, 19.04.2025,
720e31a9-7ab0-4418-88df-039ea43bbd20,4810023552,02512d75-a4d7-4b7f-bfb3-53ce9689a7dc,dca0a12a-91ff-4799-9412-86a49099eec5,0000270319,, 19.04.2025,
91ebfaab-f93b-4f52-9e57-635b1fb68135,4810023552,02512d75-a4d7-4b7f-bfb3-53ce9689a7dc,dca0a12a-91ff-4799-9412-86a49099eec5,0000270319,, 19.04.2025,
9289888d-b9c0-4e91-9465-28a10b7b6d78,4810023552,02512d75-a4d7-4b7f-bfb3-53ce9689a7dc,dca0a12a-91ff-4799-9412-86a49099eec5,0000270319,, 19.04.2025,
532d720f-5be5-46dd-8c18-dbecd6b3f65c,4810023552,02512d75-a4d7-4b7f-bfb3-53ce9689a7dc,dca0a12a-91ff-4799-9412-86a49099eec5,0000270319,, 19.04.2025,
aed22d0d-9f63-4d5a-be85-cb3629f8f676,4810023552,02512d75-a4d7-4b7f-bfb3-53ce9689a7dc,dca0a12a-91ff-4799-9412-86a49099eec5,0000270319,, 19.04.2025,
987c7bea-04c1-4633-bdfa-807ddbbce4a6,4810023552,02512d75-a4d7-4b7f-bfb3-53ce9689a7dc,dca0a12a-91ff-4799-9412-86a49099eec5,0000270319,, 19.04.2025,
a998649b-1ef3-430b-b653-e44088751fb0,4810023552,02512d75-a4d7-4b7f-bfb3-53ce9689a7dc,dca0a12a-91ff-4799-9412-86a49099eec5,0000270319,, 19.04.2025,
791831c8-4221-49db-8217-c4b0f5a12ea2,4810023552,02512d75-a4d7-4b7f-bfb3-53ce9689a7dc,dca0a12a-91ff-4799-9412-86a49099eec5,0000270319,, 19.04.2025,
bc9dd8ef-4d86-48a9-9aa2-9d8dc058f0f3,4810023552,02512d75-a4d7-4b7f-bfb3-53ce9689a7dc,dca0a12a-91ff-4799-9412-86a49099eec5,0000270319,, 19.04.2025,
5831ecfa-f6bf-4c58-aa10-436b919ba374,4810023552,02512d75-a4d7-4b7f-bfb3-53ce9689a7dc,dca0a12a-91ff-4799-9412-86a49099eec5,0000270319,, 19.04.2025,
1760f060-cbab-4ae9-8dc9-0ee82c4731fb,4810023552,02512d75-a4d7-4b7f-bfb3-53ce9689a7dc,dca0a12a-91ff-4799-9412-86a49099eec5,0000270319,, 19.04.2025,
e8601bc1-62fb-482c-8510-b4a4fd5b2cab,4810023552,02512d75-a4d7-4b7f-bfb3-53ce9689a7dc,dca0a12a-91ff-4799-9412-86a49099eec5,0000270319,, 19.04.2025,
ed476842-10b8-455b-8793-17106907e6bd,4810023552,02512d75-a4d7-4b7f-bfb3-53ce9689a7dc,dca0a12a-91ff-4799-9412-86a49099eec5,0000270319,, 19.04.2025,